-- phpMyAdmin SQL Dump
-- version 5.2.1
-- https://www.phpmyadmin.net/
--
-- Host: 127.0.0.1
-- Tempo de geração: 15/09/2025 às 21:40
-- Versão do servidor: 10.4.32-MariaDB
-- Versão do PHP: 8.2.12

SET SQL_MODE = "NO_AUTO_VALUE_ON_ZERO";
START TRANSACTION;
SET time_zone = "+00:00";


/*!40101 SET @OLD_CHARACTER_SET_CLIENT=@@CHARACTER_SET_CLIENT */;
/*!40101 SET @OLD_CHARACTER_SET_RESULTS=@@CHARACTER_SET_RESULTS */;
/*!40101 SET @OLD_COLLATION_CONNECTION=@@COLLATION_CONNECTION */;
/*!40101 SET NAMES utf8mb4 */;

--
-- Banco de dados: `ong_biblioteca_sa`
--

-- --------------------------------------------------------

--
-- Estrutura para tabela `autor`
--

CREATE TABLE `autor` (
  `Cod_Autor` int(11) NOT NULL,
  `Nome_Autor` varchar(255) DEFAULT NULL,
  `Telefone` varchar(255) DEFAULT NULL,
  `Email` varchar(255) NOT NULL,
  `status` enum('ativo','inativo') DEFAULT 'ativo'
) ENGINE=InnoDB DEFAULT CHARSET=utf8mb4 COLLATE=utf8mb4_general_ci;

--
-- Despejando dados para a tabela `autor`
--

INSERT INTO `autor` (`Cod_Autor`, `Nome_Autor`, `Telefone`, `Email`, `status`) VALUES
(1, 'Suzanne Collins', '(21) 98123-5638', 'suzannecollins@gmail.com', 'ativo'),
(20, 'Jenna Evans Welch', '(47) 98266-3527', 'jennaevans@gmail.com', 'ativo'),
(21, 'J.K. Rowling', '(11) 99999-1234', 'jkrowling@email.com', 'ativo'),
(22, 'George R.R. Martin', '(21) 98888-5678', 'grrmartin@email.com', 'ativo'),
(23, 'Stephen King', '(31) 97777-4321', 'sking@email.com', 'ativo'),
(24, 'Agatha Christie', '(41) 96666-9876', 'achristie@email.com', 'inativo'),
(25, 'J.R.R. Tolkien', '(51) 95555-3456', 'jrrtolkien@email.com', 'ativo'),
(26, 'Dan Brown', '(61) 94444-6789', 'danbrown@email.com', 'ativo'),
(27, 'Paulo Coelho', '(71) 93333-1122', 'pcoelho@email.com', 'ativo'),
(28, 'Isaac Asimov', '(81) 92222-3344', 'iasimov@email.com', 'ativo'),
(29, 'Arthur Conan Doyle', '(91) 91111-5566', 'acdoyle@email.com', 'inativo'),
(30, 'Harper Lee', '(21) 98888-8899', 'hlee@email.com', 'inativo'),
(31, 'Ernest Hemingway', '(31) 97777-9900', 'ehemingway@email.com', 'inativo'),
(32, 'Gabriel García Márquez', '(41) 96666-0011', 'ggmarquez@email.com', 'inativo'),
(33, 'Clarice Lispector', '(51) 95555-2233', 'clispector@email.com', 'inativo'),
(34, 'Machado de Assis', '(61) 98441-3344', 'machado@email.com', 'ativo');

--
-- Acionadores `autor`
--
DELIMITER $$
CREATE TRIGGER `tr_autor_delete_audit` BEFORE DELETE ON `autor` FOR EACH ROW BEGIN
             INSERT INTO logs_auditoria (tabela, operacao, id_registro, dados_anteriores, usuario, ip_usuario)
             VALUES ('autor', 'DELETE', OLD.Cod_Autor,
                     CONCAT('Nome: ', OLD.Nome_Autor, ', Telefone: ', OLD.Telefone, ', Email: ', OLD.Email),
                     USER(), @ip_usuario);
         END
$$
DELIMITER ;
DELIMITER $$
CREATE TRIGGER `tr_autor_insert_audit` AFTER INSERT ON `autor` FOR EACH ROW BEGIN
             INSERT INTO logs_auditoria (tabela, operacao, id_registro, dados_novos, usuario, ip_usuario)
             VALUES ('autor', 'INSERT', NEW.Cod_Autor, 
                     CONCAT('Nome: ', NEW.Nome_Autor, ', Telefone: ', NEW.Telefone, ', Email: ', NEW.Email),
                     USER(), @ip_usuario);
         END
$$
DELIMITER ;
DELIMITER $$
CREATE TRIGGER `tr_autor_update_audit` AFTER UPDATE ON `autor` FOR EACH ROW BEGIN
             INSERT INTO logs_auditoria (tabela, operacao, id_registro, dados_anteriores, dados_novos, usuario, ip_usuario)
             VALUES ('autor', 'UPDATE', NEW.Cod_Autor,
                     CONCAT('Nome: ', OLD.Nome_Autor, ', Telefone: ', OLD.Telefone, ', Email: ', OLD.Email),
                     CONCAT('Nome: ', NEW.Nome_Autor, ', Telefone: ', NEW.Telefone, ', Email: ', NEW.Email),
                     USER(), @ip_usuario);
         END
$$
DELIMITER ;

-- --------------------------------------------------------

--
-- Estrutura para tabela `cliente`
--

CREATE TABLE `cliente` (
  `Cod_Cliente` int(11) NOT NULL,
  `Cod_Perfil` int(11) DEFAULT NULL,
  `Nome` varchar(50) NOT NULL,
  `CPF` varchar(15) NOT NULL,
  `Email` varchar(255) NOT NULL,
  `Sexo` varchar(10) NOT NULL,
  `Nome_Responsavel` varchar(50) DEFAULT NULL,
  `Telefone` varchar(20) NOT NULL,
  `Data_Nascimento` date NOT NULL,
  `CEP` varchar(20) NOT NULL,
  `UF` char(2) NOT NULL,
  `Cidade` varchar(30) NOT NULL,
  `Bairro` varchar(30) NOT NULL,
  `Rua` varchar(40) NOT NULL,
  `Num_Residencia` int(11) NOT NULL,
  `Foto` longblob NOT NULL,
  `status` enum('ativo','inativo') DEFAULT 'ativo'
) ENGINE=InnoDB DEFAULT CHARSET=utf8mb4 COLLATE=utf8mb4_general_ci;

--
-- Despejando dados para a tabela `cliente`
--

INSERT INTO `cliente` (`Cod_Cliente`, `Cod_Perfil`, `Nome`, `CPF`, `Email`, `Sexo`, `Nome_Responsavel`, `Telefone`, `Data_Nascimento`, `CEP`, `UF`, `Cidade`, `Bairro`, `Rua`, `Num_Residencia`, `Foto`, `status`) VALUES
(3, 1, 'Ian Lucas Borba', '985.672.685-78', 'ianlucas@gmail.com', 'Masculino', 'Joice Cristina dos Santos Borba', '(47) 99685-5520', '2009-03-10', '89228-835', 'SC', 'Joinville', 'Espinheiros', 'Rua Osvaldo Galiza', 342, 0x363862396465363964303461362e6a7067, 'ativo'),
(8, 1, 'João Vitor Atanazio', '182.648.267-47', 'joaovitor@gmail.com', 'Masculino', 'Claudia Regina de Souza', '(47) 98361-8391', '2007-07-21', '89203-275', 'SC', 'Joinville', 'Atiradores', 'Rodovia BR-101', 1642, 0x363862396531366563373363622e6a7067, 'ativo'),
(9, 1, 'Gustavo Tobler', '832.675.782-67', 'gustavotobler@gmail.com', 'Masculino', 'Maria Clara Toble da Silva', '(47) 98253-6247', '2017-09-11', '89201-000', 'SC', 'Joinville', 'Centro', 'Rua do Príncipe', 1233, 0x363862396534383933363530642e6a7067, 'ativo'),
(10, 1, 'Matheus Henrique Dela', '873.258.275-28', 'matheushenrique@gmail.com', 'Masculino', 'Samanta Ribeiro Dela', '(47) 98264-8274', '2018-06-20', '89216-560', 'SC', 'Joinville', 'Glória', 'Rua Nestor Hintz', 9122, 0x363862396535393663346530302e6a706567, 'ativo'),
(11, 1, 'Tatiane Vieira', '283.728.628-65', 'tatianevieira@gmail.com', 'Feminino', 'Isabella Vieira ', '(47) 98118-3746', '2010-10-14', '88807-278', 'SC', 'Criciúma', 'Santa Luzia', 'Rua 3 de Maio', 3785, 0x363862396537333232643665382e6a7067, 'ativo'),
(12, 2, 'Drake', '832.782.576-24', 'drake@gmail.com', 'Masculino', '', '(47) 98284-9273', '2000-01-09', '14024-230', 'SP', 'Ribeirão Preto', 'Jardim Canadá', 'Rua Toronto', 1212, 0x363862613232396365653964372e6a706567, 'ativo'),
(13, 1, 'Helena Lopes', '298.237.484-35', 'helenalopes@gmail.com', 'Feminino', 'Vanessa Carvalho Lopes', '(47) 92824-9306', '2018-04-05', '89218-112', 'SC', 'Joinville', 'Santo Antônio', 'Rua Dona Francisca', 4957, 0x363862613230626235346636342e6a7067, 'ativo');

--
-- Acionadores `cliente`
--
DELIMITER $$
CREATE TRIGGER `tr_cliente_delete_audit` BEFORE DELETE ON `cliente` FOR EACH ROW BEGIN
             INSERT INTO logs_auditoria (tabela, operacao, id_registro, dados_anteriores, usuario, ip_usuario)
             VALUES ('cliente', 'DELETE', OLD.Cod_Cliente,
                     CONCAT('Nome: ', OLD.Nome, ', CPF: ', OLD.CPF, ', Email: ', OLD.Email),
                     USER(), @ip_usuario);
         END
$$
DELIMITER ;
DELIMITER $$
CREATE TRIGGER `tr_cliente_insert_audit` AFTER INSERT ON `cliente` FOR EACH ROW BEGIN
             INSERT INTO logs_auditoria (tabela, operacao, id_registro, dados_novos, usuario, ip_usuario)
             VALUES ('cliente', 'INSERT', NEW.Cod_Cliente, 
                     CONCAT('Nome: ', NEW.Nome, ', CPF: ', NEW.CPF, ', Email: ', NEW.Email),
                     USER(), @ip_usuario);
         END
$$
DELIMITER ;
DELIMITER $$
CREATE TRIGGER `tr_cliente_update_audit` AFTER UPDATE ON `cliente` FOR EACH ROW BEGIN
             INSERT INTO logs_auditoria (tabela, operacao, id_registro, dados_anteriores, dados_novos, usuario, ip_usuario)
             VALUES ('cliente', 'UPDATE', NEW.Cod_Cliente,
                     CONCAT('Nome: ', OLD.Nome, ', CPF: ', OLD.CPF, ', Email: ', OLD.Email),
                     CONCAT('Nome: ', NEW.Nome, ', CPF: ', NEW.CPF, ', Email: ', NEW.Email),
                     USER(), @ip_usuario);
         END
$$
DELIMITER ;

-- --------------------------------------------------------

--
-- Estrutura para tabela `doador`
--

CREATE TABLE `doador` (
  `Cod_Doador` int(11) NOT NULL,
  `Nome_Doador` varchar(255) DEFAULT NULL,
  `Telefone` varchar(255) DEFAULT NULL,
  `Email` varchar(255) DEFAULT NULL,
  `status` enum('ativo','inativo') DEFAULT 'ativo'
) ENGINE=InnoDB DEFAULT CHARSET=utf8mb4 COLLATE=utf8mb4_general_ci;

--
-- Despejando dados para a tabela `doador`
--

INSERT INTO `doador` (`Cod_Doador`, `Nome_Doador`, `Telefone`, `Email`, `status`) VALUES
(1, 'Frank Ocean', '(21) 92636-6969', 'frankocean@gmail.com', 'ativo'),
(5, 'Lucas Almeida', '(11) 98888-1122', 'lucas.almeida@email.com', 'ativo'),
(6, 'Fernanda Costa', '(21) 97777-3344', 'fernanda.costa@email.com', 'ativo'),
(7, 'Rafael Sousa', '(31) 96666-5566', 'rafael.sousa@email.com', 'ativo'),
(8, 'Amanda Oliveira', '(41) 95555-7788', 'amanda.oliveira@email.com', 'inativo'),
(9, 'Carlos Mendes', '(51) 94444-9900', 'carlos.mendes@email.com', 'ativo'),
(10, 'Juliana Rocha', '(61) 93333-2211', 'juliana.rocha@email.com', 'ativo'),
(11, 'Marcelo Tavares', '(71) 92222-3344', 'marcelo.tavares@email.com', 'ativo'),
(12, 'Patrícia Lima', '(81) 91111-4455', 'patricia.lima@email.com', 'inativo'),
(13, 'Thiago Martins', '(91) 90000-5566', 'thiago.martins@email.com', 'ativo'),
(14, 'Bianca Ferreira', '(11) 98888-6677', 'bianca.ferreira@email.com', 'ativo'),
(15, 'André Nascimento', '(21) 97777-7788', 'andre.nascimento@email.com', 'ativo'),
(16, 'Renata Pires', '(31) 96666-8899', 'renata.pires@email.com', 'ativo'),
(17, 'Eduardo Barros', '(41) 95555-9900', 'eduardo.barros@email.com', 'inativo'),
(18, 'Sofia Ribeiro', '(51) 94444-1010', 'sofia.ribeiro@email.com', 'ativo'),
(19, 'Gustavo Cunha', '(61) 93333-1111', 'gustavo.cunha@email.com', 'ativo');

-- --------------------------------------------------------

--
-- Estrutura para tabela `editora`
--

CREATE TABLE `editora` (
  `Cod_Editora` int(11) NOT NULL,
  `Nome_Editora` varchar(255) DEFAULT NULL,
  `Telefone` varchar(255) DEFAULT NULL,
  `Email` varchar(255) NOT NULL,
  `status` enum('ativo','inativo') DEFAULT 'ativo'
) ENGINE=InnoDB DEFAULT CHARSET=utf8mb4 COLLATE=utf8mb4_general_ci;

--
-- Despejando dados para a tabela `editora`
--

INSERT INTO `editora` (`Cod_Editora`, `Nome_Editora`, `Telefone`, `Email`, `status`) VALUES
(1, 'Moderna', '(47) 98231-2647', 'moderna_editora@gmail.com', 'ativo'),
(2, 'Panini', '(78) 35627-8562', 'panini@gmail.com', 'ativo'),
(3, 'Editora Rocco', '(11) 98888-1001', 'contato@rocco.com.br', 'ativo'),
(4, 'Companhia das Letras', '(21) 97777-2002', 'contato@companhiadasletras.com.br', 'ativo'),
(5, 'Editora Intrínseca', '(31) 96666-3003', 'atendimento@intrinseca.com.br', 'ativo'),
(6, 'HarperCollins Brasil', '(41) 95555-4004', 'contato@harpercollins.com.br', 'ativo'),
(7, 'Editora Record', '(51) 94444-5005', 'contato@record.com.br', 'ativo'),
(8, 'Editora Sextante', '(61) 93333-6006', 'contato@sextante.com.br', 'ativo'),
(9, 'Editora Globo Livros', '(71) 92222-7007', 'contato@globolivros.com.br', 'ativo'),
(10, 'Editora Objetiva', '(81) 91111-8008', 'contato@objetiva.com.br', 'ativo'),
(11, 'Editora Martins Fontes', '(91) 90000-9009', 'editorial@martinsfontes.com.br', 'ativo'),
(12, 'Editora Aleph', '(11) 98888-1010', 'contato@editoraaleph.com.br', 'ativo'),
(13, 'Editora Zahar', '(21) 97777-2020', 'contato@zahar.com.br', 'ativo'),
(14, 'Editora L&PM', '(31) 96666-3030', 'contato@lpm.com.br', 'ativo'),
(15, 'Editora Nova Fronteira', '(41) 95555-4040', 'contato@novafronteira.com.br', 'ativo'),
(16, 'Editora Scipione', '(51) 94444-5050', 'contato@scipione.com.br', 'ativo'),
(17, 'Editora Saraiva', '(61) 93333-6060', 'contato@saraiva.com.br', 'ativo'),
(18, 'Suma', '(47) 92837-7382', 'suma@gmail.com', 'ativo'),
(20, 'Paralela', '(47) 63627-2637', 'paralela@gmail.com', 'ativo'),
(21, 'Princips', '(47) 92877-3882', 'princips@gmail.com', 'ativo');

-- --------------------------------------------------------

--
-- Estrutura para tabela `emprestimo`
--

CREATE TABLE `emprestimo` (
  `Cod_Emprestimo` int(11) NOT NULL,
  `Cod_Cliente` int(11) NOT NULL,
  `Cod_Livro` int(11) NOT NULL,
  `Data_Emprestimo` date NOT NULL,
  `Data_Devolucao` date NOT NULL,
  `Data_Ultima_Renovacao` date DEFAULT NULL,
  `Status_Emprestimo` enum('Pendente','Devolvido') DEFAULT 'Pendente'
) ENGINE=InnoDB DEFAULT CHARSET=utf8mb4 COLLATE=utf8mb4_general_ci;

--
-- Despejando dados para a tabela `emprestimo`
--

INSERT INTO `emprestimo` (`Cod_Emprestimo`, `Cod_Cliente`, `Cod_Livro`, `Data_Emprestimo`, `Data_Devolucao`, `Data_Ultima_Renovacao`, `Status_Emprestimo`) VALUES
(3, 9, 3, '2025-08-28', '2025-09-09', NULL, 'Pendente'),
(4, 10, 4, '2025-08-23', '2025-09-05', NULL, 'Pendente'),
(5, 11, 5, '2025-09-03', '2025-09-21', NULL, 'Pendente'),
(6, 12, 6, '2025-09-06', '2025-09-18', NULL, 'Pendente'),
(7, 13, 7, '2025-09-08', '2025-09-19', NULL, 'Pendente'),
(8, 3, 8, '2025-08-25', '2025-09-10', NULL, 'Pendente'),
(9, 8, 9, '2025-08-17', '2025-09-01', NULL, 'Pendente'),
(10, 9, 10, '2025-09-09', '2025-09-30', NULL, 'Pendente'),
(11, 10, 11, '2025-09-14', '2025-09-26', NULL, 'Devolvido'),
(12, 11, 12, '2025-08-29', '2025-09-10', NULL, 'Pendente'),
(13, 12, 13, '2025-09-05', '2025-09-14', NULL, 'Pendente'),
(14, 13, 14, '2025-08-18', '2025-08-27', NULL, 'Pendente'),
(15, 3, 15, '2025-09-08', '2025-09-16', NULL, 'Pendente'),
(16, 8, 16, '2025-09-14', '2025-10-03', NULL, 'Devolvido'),
(17, 9, 17, '2025-09-07', '2025-09-19', NULL, 'Pendente'),
(18, 10, 18, '2025-08-19', '2025-08-30', NULL, 'Pendente'),
(19, 11, 19, '2025-08-30', '2025-09-19', NULL, 'Pendente'),
(20, 12, 20, '2025-08-26', '2025-09-04', NULL, 'Pendente'),
(21, 3, 1, '2025-09-12', '2025-09-23', NULL, 'Pendente'),
(22, 8, 2, '2025-09-05', '2025-09-25', NULL, 'Pendente'),
(23, 9, 3, '2025-09-07', '2025-09-22', NULL, 'Pendente'),
(24, 10, 4, '2025-09-04', '2025-09-15', NULL, 'Pendente'),
(25, 11, 5, '2025-09-11', '2025-09-26', NULL, 'Pendente'),
(26, 12, 6, '2025-09-07', '2025-09-24', NULL, 'Pendente'),
(27, 13, 7, '2025-09-15', '2025-10-03', NULL, 'Devolvido'),
(28, 3, 8, '2025-09-02', '2025-09-14', NULL, 'Pendente'),
(29, 8, 9, '2025-09-03', '2025-09-10', NULL, 'Pendente'),
(30, 9, 10, '2025-09-06', '2025-09-14', NULL, 'Pendente'),
(31, 10, 11, '2025-09-13', '2025-09-29', NULL, 'Pendente'),
(32, 11, 12, '2025-09-15', '2025-10-04', NULL, 'Devolvido'),
(33, 12, 13, '2025-09-01', '2025-09-18', NULL, 'Pendente'),
(34, 13, 14, '2025-09-10', '2025-09-28', NULL, 'Pendente'),
(35, 3, 15, '2025-09-03', '2025-09-11', NULL, 'Pendente'),
(36, 8, 16, '2025-09-07', '2025-09-21', NULL, 'Pendente'),
(37, 9, 17, '2025-09-15', '2025-10-02', NULL, 'Devolvido'),
(38, 10, 18, '2025-09-13', '2025-09-25', NULL, 'Pendente'),
(39, 11, 19, '2025-09-12', '2025-09-22', NULL, 'Pendente'),
(40, 12, 20, '2025-09-12', '2025-09-28', NULL, 'Pendente'),
(41, 3, 1, '2025-09-06', '2025-09-22', NULL, 'Pendente'),
(42, 8, 2, '2025-09-13', '2025-09-22', NULL, 'Devolvido'),
(43, 9, 3, '2025-09-14', '2025-10-01', NULL, 'Devolvido'),
(44, 10, 4, '2025-09-06', '2025-09-21', NULL, 'Pendente'),
(45, 11, 5, '2025-09-13', '2025-09-28', NULL, 'Devolvido'),
(46, 12, 5, '2025-09-07', '2025-09-19', NULL, 'Pendente'),
(47, 13, 5, '2025-09-08', '2025-09-18', NULL, 'Pendente'),
(48, 3, 6, '2025-09-09', '2025-09-28', NULL, 'Pendente'),
(49, 8, 7, '2025-09-09', '2025-09-29', NULL, 'Pendente'),
(50, 9, 7, '2025-09-13', '2025-10-01', NULL, 'Pendente'),
(51, 10, 7, '2025-09-09', '2025-09-23', NULL, 'Pendente'),
(52, 11, 7, '2025-09-06', '2025-09-25', NULL, 'Pendente'),
(53, 12, 8, '2025-09-09', '2025-09-16', NULL, 'Pendente'),
(54, 13, 8, '2025-09-09', '2025-09-21', NULL, 'Pendente'),
(55, 3, 9, '2025-09-14', '2025-09-21', NULL, 'Devolvido'),
(56, 8, 9, '2025-09-09', '2025-09-17', NULL, 'Pendente'),
(57, 9, 9, '2025-09-08', '2025-09-26', NULL, 'Pendente'),
(58, 10, 10, '2025-09-14', '2025-09-27', NULL, 'Devolvido'),
(59, 11, 10, '2025-09-11', '2025-09-18', NULL, 'Pendente'),
(60, 12, 10, '2025-09-08', '2025-09-18', NULL, 'Pendente'),
(61, 13, 10, '2025-09-15', '2025-10-06', NULL, 'Devolvido'),
(62, 3, 11, '2025-09-06', '2025-09-17', NULL, 'Pendente'),
(63, 8, 12, '2025-09-10', '2025-09-24', NULL, 'Pendente'),
(64, 9, 12, '2025-09-06', '2025-09-15', NULL, 'Pendente'),
(65, 10, 12, '2025-09-12', '2025-09-27', NULL, 'Pendente'),
(66, 11, 13, '2025-09-15', '2025-10-05', NULL, 'Devolvido'),
(67, 12, 14, '2025-09-14', '2025-10-02', NULL, 'Devolvido'),
(68, 13, 14, '2025-09-14', '2025-09-23', NULL, 'Devolvido'),
(69, 3, 14, '2025-09-14', '2025-09-28', NULL, 'Devolvido'),
(70, 8, 14, '2025-09-12', '2025-09-28', NULL, 'Pendente'),
(71, 9, 15, '2025-09-05', '2025-09-14', NULL, 'Pendente'),
(72, 10, 15, '2025-09-14', '2025-10-02', NULL, 'Devolvido'),
(73, 11, 16, '2025-09-14', '2025-09-24', NULL, 'Devolvido'),
(74, 12, 16, '2025-09-15', '2025-09-22', NULL, 'Devolvido'),
(75, 13, 17, '2025-09-12', '2025-09-27', NULL, 'Pendente'),
(76, 3, 17, '2025-09-15', '2025-10-04', NULL, 'Devolvido'),
(77, 8, 18, '2025-09-06', '2025-09-24', NULL, 'Pendente'),
(78, 9, 18, '2025-09-06', '2025-09-15', NULL, 'Pendente'),
(79, 10, 19, '2025-09-09', '2025-09-30', NULL, 'Pendente'),
(80, 11, 19, '2025-09-08', '2025-09-23', NULL, 'Pendente'),
(81, 12, 19, '2025-09-13', '2025-09-27', NULL, 'Devolvido'),
(82, 13, 20, '2025-09-13', '2025-10-01', NULL, 'Devolvido'),
(83, 3, 20, '2025-09-06', '2025-09-27', NULL, 'Pendente'),
(84, 8, 20, '2025-09-07', '2025-09-23', NULL, 'Pendente'),
(85, 3, 21, '2025-09-15', '2025-09-22', NULL, 'Devolvido'),
(86, 3, 22, '2025-09-15', '2025-09-22', NULL, 'Devolvido'),
(87, 8, 23, '2025-09-06', '2025-09-27', NULL, 'Pendente'),
(88, 9, 24, '2025-09-12', '2025-09-20', NULL, 'Pendente'),
(89, 9, 25, '2025-09-12', '2025-09-20', NULL, 'Pendente'),
(90, 10, 26, '2025-09-06', '2025-09-17', NULL, 'Pendente'),
(91, 11, 27, '2025-09-12', '2025-09-28', NULL, 'Pendente'),
(92, 11, 28, '2025-09-12', '2025-09-28', NULL, 'Pendente'),
(93, 12, 29, '2025-09-10', '2025-09-28', NULL, 'Pendente'),
(94, 13, 30, '2025-09-12', '2025-09-25', NULL, 'Pendente'),
(95, 13, 31, '2025-09-12', '2025-09-25', NULL, 'Pendente'),
(96, 3, 32, '2025-09-13', '2025-10-02', NULL, 'Devolvido'),
(97, 3, 1, '2025-05-05', '2025-05-14', NULL, 'Devolvido'),
(98, 8, 2, '2025-08-03', '2025-08-15', NULL, 'Devolvido'),
(99, 9, 3, '2025-05-19', '2025-06-06', NULL, 'Devolvido'),
(100, 10, 4, '2025-09-01', '2025-09-15', NULL, 'Devolvido'),
(101, 11, 5, '2025-04-07', '2025-04-14', NULL, 'Devolvido'),
(102, 12, 6, '2025-08-26', '2025-09-05', NULL, 'Devolvido'),
(103, 13, 7, '2025-04-11', '2025-04-26', NULL, 'Devolvido'),
(104, 3, 8, '2025-03-26', '2025-04-13', NULL, 'Devolvido'),
(105, 8, 9, '2025-06-23', '2025-06-26', NULL, 'Devolvido'),
(106, 9, 10, '2025-07-09', '2025-07-16', NULL, 'Devolvido'),
(107, 10, 11, '2025-08-28', '2025-09-01', NULL, 'Devolvido'),
(108, 11, 12, '2025-05-08', '2025-05-26', NULL, 'Devolvido'),
(109, 12, 13, '2025-07-21', '2025-08-02', NULL, 'Devolvido'),
(110, 13, 14, '2025-04-14', '2025-04-21', NULL, 'Devolvido'),
(111, 3, 15, '2025-08-04', '2025-08-09', NULL, 'Devolvido'),
(112, 8, 16, '2025-06-04', '2025-06-09', NULL, 'Devolvido'),
(113, 9, 17, '2025-04-25', '2025-05-02', NULL, 'Devolvido'),
(114, 10, 18, '2025-08-28', '2025-09-07', NULL, 'Devolvido'),
(115, 11, 19, '2025-08-24', '2025-09-01', NULL, 'Devolvido'),
(116, 12, 20, '2025-07-11', '2025-07-26', NULL, 'Devolvido'),
(117, 13, 21, '2025-08-29', '2025-09-14', NULL, 'Devolvido'),
(118, 3, 22, '2025-04-02', '2025-04-21', NULL, 'Devolvido'),
(119, 8, 23, '2025-05-06', '2025-05-11', NULL, 'Devolvido'),
(120, 9, 24, '2025-06-23', '2025-06-30', NULL, 'Devolvido'),
(121, 10, 25, '2025-09-01', '2025-09-12', NULL, 'Devolvido'),
(122, 11, 26, '2025-04-12', '2025-05-01', NULL, 'Devolvido'),
(123, 12, 27, '2025-09-12', '2025-09-15', NULL, 'Devolvido'),
(124, 13, 28, '2025-05-04', '2025-05-10', NULL, 'Devolvido'),
(125, 3, 29, '2025-09-07', '2025-09-15', NULL, 'Devolvido'),
(126, 8, 30, '2025-07-31', '2025-08-05', NULL, 'Devolvido'),
(127, 9, 31, '2025-06-30', '2025-07-12', NULL, 'Devolvido'),
(128, 10, 32, '2025-07-16', '2025-07-22', NULL, 'Devolvido'),
(129, 11, 33, '2025-08-04', '2025-08-16', NULL, 'Devolvido'),
(130, 12, 34, '2025-09-14', '2025-09-15', NULL, 'Devolvido'),
(131, 13, 35, '2025-07-23', '2025-07-28', NULL, 'Devolvido'),
(132, 3, 36, '2025-06-19', '2025-07-06', NULL, 'Devolvido'),
(133, 8, 37, '2025-04-17', '2025-04-30', NULL, 'Devolvido'),
(134, 9, 38, '2025-06-26', '2025-07-17', NULL, 'Devolvido'),
(135, 10, 39, '2025-09-05', '2025-09-15', NULL, 'Devolvido'),
(136, 11, 40, '2025-09-14', '2025-09-15', NULL, 'Devolvido'),
(137, 12, 41, '2025-07-20', '2025-07-30', NULL, 'Devolvido'),
(138, 13, 42, '2025-07-05', '2025-07-10', NULL, 'Devolvido'),
(139, 3, 43, '2025-06-04', '2025-06-12', NULL, 'Devolvido'),
(140, 8, 44, '2025-03-31', '2025-04-04', NULL, 'Devolvido'),
(141, 9, 45, '2025-05-14', '2025-05-19', NULL, 'Devolvido'),
(142, 10, 46, '2025-07-31', '2025-08-05', NULL, 'Devolvido'),
(143, 11, 47, '2025-03-28', '2025-04-17', NULL, 'Devolvido'),
(144, 12, 48, '2025-06-16', '2025-06-26', NULL, 'Devolvido'),
(145, 13, 49, '2025-03-29', '2025-04-02', NULL, 'Devolvido'),
(146, 3, 50, '2025-06-24', '2025-07-11', NULL, 'Devolvido'),
(147, 8, 51, '2025-05-15', '2025-05-25', NULL, 'Devolvido'),
(148, 9, 52, '2025-09-02', '2025-09-15', NULL, 'Devolvido'),
(149, 10, 53, '2025-05-08', '2025-05-11', NULL, 'Devolvido'),
(150, 11, 54, '2025-06-21', '2025-07-09', NULL, 'Devolvido'),
(151, 12, 55, '2025-05-25', '2025-06-12', NULL, 'Devolvido'),
(152, 13, 56, '2025-06-14', '2025-06-29', NULL, 'Devolvido'),
(153, 3, 57, '2025-05-26', '2025-06-01', NULL, 'Devolvido'),
(154, 8, 58, '2025-06-23', '2025-07-14', NULL, 'Devolvido'),
(155, 9, 59, '2025-06-03', '2025-06-18', NULL, 'Devolvido'),
(156, 10, 60, '2025-07-23', '2025-08-04', NULL, 'Devolvido'),
(157, 3, 1, '2025-07-26', '2025-08-14', NULL, 'Devolvido'),
(158, 8, 2, '2025-09-02', '2025-09-15', NULL, 'Devolvido'),
(159, 9, 3, '2025-09-01', '2025-09-11', NULL, 'Devolvido'),
(160, 10, 4, '2025-06-04', '2025-06-14', NULL, 'Devolvido'),
(161, 11, 5, '2025-05-23', '2025-05-27', NULL, 'Devolvido'),
(162, 12, 6, '2025-06-18', '2025-06-25', NULL, 'Devolvido'),
(163, 13, 7, '2025-08-27', '2025-08-30', NULL, 'Devolvido'),
(164, 3, 8, '2025-06-18', '2025-06-29', NULL, 'Devolvido'),
(165, 8, 9, '2025-08-01', '2025-08-09', NULL, 'Devolvido'),
(166, 9, 10, '2025-09-14', '2025-09-15', NULL, 'Devolvido'),
(167, 10, 11, '2025-07-19', '2025-07-26', NULL, 'Devolvido'),
(168, 11, 12, '2025-08-29', '2025-09-15', NULL, 'Devolvido'),
(169, 12, 13, '2025-08-30', '2025-09-15', NULL, 'Devolvido'),
(170, 13, 14, '2025-09-12', '2025-09-15', NULL, 'Devolvido'),
(171, 3, 15, '2025-07-25', '2025-08-03', NULL, 'Devolvido'),
(172, 8, 16, '2025-04-14', '2025-04-22', NULL, 'Devolvido'),
(173, 9, 17, '2025-09-12', '2025-09-15', NULL, 'Devolvido'),
(174, 10, 18, '2025-09-12', '2025-09-15', NULL, 'Devolvido'),
(175, 11, 19, '2025-07-10', '2025-07-27', NULL, 'Devolvido'),
(176, 12, 20, '2025-09-06', '2025-09-13', NULL, 'Devolvido'),
(177, 13, 21, '2025-09-04', '2025-09-09', NULL, 'Devolvido'),
(178, 3, 22, '2025-05-14', '2025-06-03', NULL, 'Devolvido'),
(179, 8, 23, '2025-09-03', '2025-09-08', NULL, 'Devolvido'),
(180, 9, 24, '2025-06-04', '2025-06-07', NULL, 'Devolvido'),
(181, 10, 25, '2025-05-02', '2025-05-09', NULL, 'Devolvido'),
(182, 11, 26, '2025-06-13', '2025-06-22', NULL, 'Devolvido'),
(183, 12, 27, '2025-08-08', '2025-08-13', NULL, 'Devolvido'),
(184, 13, 28, '2025-09-01', '2025-09-04', NULL, 'Devolvido'),
(185, 3, 29, '2025-09-06', '2025-09-15', NULL, 'Devolvido'),
(186, 8, 30, '2025-09-12', '2025-09-15', NULL, 'Devolvido'),
(187, 9, 31, '2025-09-02', '2025-09-11', NULL, 'Devolvido'),
(188, 10, 32, '2025-09-02', '2025-09-15', NULL, 'Devolvido'),
(189, 11, 33, '2025-08-14', '2025-08-20', NULL, 'Devolvido'),
(190, 12, 34, '2025-08-25', '2025-09-08', NULL, 'Devolvido'),
(191, 13, 35, '2025-09-08', '2025-09-15', NULL, 'Devolvido'),
(192, 3, 36, '2025-09-02', '2025-09-11', NULL, 'Devolvido'),
(193, 8, 37, '2025-08-04', '2025-08-17', NULL, 'Devolvido'),
(194, 9, 38, '2025-08-25', '2025-09-08', NULL, 'Devolvido'),
(195, 10, 39, '2025-08-12', '2025-08-30', NULL, 'Devolvido'),
(196, 11, 40, '2025-04-24', '2025-05-06', NULL, 'Devolvido'),
(197, 12, 41, '2025-08-26', '2025-09-13', NULL, 'Devolvido'),
(198, 13, 42, '2025-08-22', '2025-08-27', NULL, 'Devolvido'),
(199, 3, 43, '2025-08-11', '2025-08-21', NULL, 'Devolvido'),
(200, 8, 44, '2025-06-06', '2025-06-18', NULL, 'Devolvido'),
(201, 9, 45, '2025-08-08', '2025-08-16', NULL, 'Devolvido'),
(202, 10, 46, '2025-04-02', '2025-04-23', NULL, 'Devolvido'),
(203, 11, 47, '2025-09-07', '2025-09-10', NULL, 'Devolvido'),
(204, 12, 48, '2025-07-29', '2025-08-18', NULL, 'Devolvido'),
(205, 13, 49, '2025-08-15', '2025-09-02', NULL, 'Devolvido'),
(206, 3, 50, '2025-09-01', '2025-09-15', NULL, 'Devolvido'),
(207, 8, 51, '2025-06-29', '2025-07-03', NULL, 'Devolvido'),
(208, 9, 52, '2025-07-05', '2025-07-22', NULL, 'Devolvido'),
(209, 10, 53, '2025-07-02', '2025-07-19', NULL, 'Devolvido'),
(210, 11, 54, '2025-08-02', '2025-08-19', NULL, 'Devolvido'),
(211, 12, 55, '2025-09-01', '2025-09-15', NULL, 'Devolvido'),
(212, 13, 56, '2025-09-01', '2025-09-15', NULL, 'Devolvido'),
(213, 3, 57, '2025-05-17', '2025-05-31', NULL, 'Devolvido'),
(214, 8, 58, '2025-06-26', '2025-07-16', NULL, 'Devolvido'),
(215, 9, 59, '2025-04-22', '2025-05-10', NULL, 'Devolvido'),
(216, 10, 60, '2025-04-19', '2025-05-09', NULL, 'Devolvido'),
(217, 11, 61, '2025-05-18', '2025-06-02', NULL, 'Devolvido'),
(218, 12, 62, '2025-06-21', '2025-07-02', NULL, 'Devolvido'),
(219, 13, 63, '2025-07-15', '2025-07-20', NULL, 'Devolvido'),
(220, 3, 64, '2025-07-04', '2025-07-09', NULL, 'Devolvido'),
(221, 8, 65, '2025-07-25', '2025-08-10', NULL, 'Devolvido'),
(222, 9, 66, '2025-08-28', '2025-09-05', NULL, 'Devolvido'),
(223, 10, 67, '2025-08-26', '2025-09-14', NULL, 'Devolvido'),
(224, 11, 68, '2025-08-26', '2025-09-08', NULL, 'Devolvido'),
(225, 12, 69, '2025-08-12', '2025-08-16', NULL, 'Devolvido'),
(226, 13, 70, '2025-08-10', '2025-08-19', NULL, 'Devolvido'),
(227, 3, 71, '2025-08-11', '2025-08-29', NULL, 'Devolvido'),
(228, 8, 72, '2025-05-28', '2025-06-03', NULL, 'Devolvido'),
(229, 9, 73, '2025-04-01', '2025-04-13', NULL, 'Devolvido'),
(230, 10, 74, '2025-06-27', '2025-07-04', NULL, 'Devolvido'),
(231, 11, 75, '2025-05-10', '2025-05-27', NULL, 'Devolvido'),
(232, 12, 76, '2025-06-08', '2025-06-15', NULL, 'Devolvido'),
(233, 13, 77, '2025-07-26', '2025-08-02', NULL, 'Devolvido'),
(234, 3, 78, '2025-07-29', '2025-08-13', NULL, 'Devolvido'),
(235, 8, 79, '2025-07-13', '2025-08-01', NULL, 'Devolvido'),
(236, 9, 80, '2025-06-26', '2025-07-03', NULL, 'Devolvido'),
(237, 10, 81, '2025-04-24', '2025-05-12', NULL, 'Devolvido'),
(238, 11, 82, '2025-06-01', '2025-06-22', NULL, 'Devolvido'),
(239, 12, 83, '2025-06-20', '2025-07-05', NULL, 'Devolvido'),
(240, 13, 84, '2025-08-16', '2025-09-01', NULL, 'Devolvido'),
(241, 3, 85, '2025-04-19', '2025-05-09', NULL, 'Devolvido'),
(242, 8, 86, '2025-08-08', '2025-08-17', NULL, 'Devolvido'),
(243, 9, 87, '2025-06-18', '2025-07-09', NULL, 'Devolvido'),
(244, 10, 88, '2025-08-04', '2025-08-22', NULL, 'Devolvido'),
(245, 11, 89, '2025-05-06', '2025-05-10', NULL, 'Devolvido'),
(246, 12, 90, '2025-08-02', '2025-08-19', NULL, 'Devolvido'),
(247, 13, 91, '2025-08-25', '2025-09-08', NULL, 'Devolvido'),
(248, 3, 92, '2025-04-09', '2025-04-16', NULL, 'Devolvido'),
(249, 8, 93, '2025-06-12', '2025-07-02', NULL, 'Devolvido'),
(250, 9, 94, '2025-07-04', '2025-07-12', NULL, 'Devolvido'),
(251, 10, 95, '2025-07-05', '2025-07-26', NULL, 'Devolvido'),
(252, 11, 96, '2025-04-22', '2025-05-01', NULL, 'Devolvido'),
(253, 12, 97, '2025-07-20', '2025-07-27', NULL, 'Devolvido'),
(254, 13, 98, '2025-08-06', '2025-08-11', NULL, 'Devolvido'),
(255, 3, 99, '2025-08-15', '2025-08-23', NULL, 'Devolvido'),
(256, 8, 100, '2025-04-11', '2025-04-20', NULL, 'Devolvido'),
(257, 9, 1, '2025-08-30', '2025-09-14', NULL, 'Devolvido'),
(258, 10, 2, '2025-04-24', '2025-05-08', NULL, 'Devolvido'),
(259, 11, 3, '2025-05-03', '2025-05-13', NULL, 'Devolvido'),
(260, 12, 4, '2025-06-03', '2025-06-10', NULL, 'Devolvido'),
(261, 13, 5, '2025-08-08', '2025-08-19', NULL, 'Devolvido'),
(262, 3, 6, '2025-07-04', '2025-07-19', NULL, 'Devolvido'),
(263, 8, 7, '2025-08-11', '2025-08-31', NULL, 'Devolvido'),
(264, 9, 8, '2025-05-16', '2025-05-26', NULL, 'Devolvido'),
(265, 10, 9, '2025-06-16', '2025-07-02', NULL, 'Devolvido'),
(266, 11, 10, '2025-04-11', '2025-04-15', NULL, 'Devolvido'),
(267, 12, 11, '2025-05-30', '2025-06-06', NULL, 'Devolvido'),
(268, 13, 12, '2025-06-12', '2025-07-03', NULL, 'Devolvido'),
(269, 3, 13, '2025-07-07', '2025-07-28', NULL, 'Devolvido'),
(270, 8, 14, '2025-08-30', '2025-09-15', NULL, 'Devolvido'),
(271, 9, 15, '2025-07-16', '2025-08-04', NULL, 'Devolvido'),
(272, 10, 16, '2025-05-10', '2025-05-14', NULL, 'Devolvido'),
(273, 11, 17, '2025-04-22', '2025-05-01', NULL, 'Devolvido'),
(274, 12, 18, '2025-04-28', '2025-05-19', NULL, 'Devolvido'),
(275, 13, 19, '2025-05-24', '2025-05-31', NULL, 'Devolvido'),
(276, 3, 20, '2025-06-15', '2025-06-26', NULL, 'Devolvido'),
(277, 3, 1, '2025-07-28', '2025-08-12', NULL, 'Devolvido'),
(278, 8, 2, '2025-08-20', '2025-09-05', NULL, 'Devolvido'),
(279, 9, 3, '2025-04-09', '2025-04-30', NULL, 'Devolvido'),
(280, 10, 4, '2025-04-12', '2025-05-01', NULL, 'Devolvido'),
(281, 11, 5, '2025-05-01', '2025-05-09', NULL, 'Devolvido'),
(282, 12, 6, '2025-06-25', '2025-07-12', NULL, 'Devolvido'),
(283, 13, 7, '2025-06-03', '2025-06-24', NULL, 'Devolvido'),
(284, 3, 8, '2025-07-27', '2025-08-13', NULL, 'Devolvido'),
(285, 8, 9, '2025-08-09', '2025-08-20', NULL, 'Devolvido'),
(286, 9, 10, '2025-04-03', '2025-04-09', NULL, 'Devolvido'),
(287, 10, 11, '2025-05-18', '2025-06-06', NULL, 'Devolvido'),
(288, 11, 12, '2025-06-11', '2025-06-18', NULL, 'Devolvido'),
(289, 12, 13, '2025-07-26', '2025-08-11', NULL, 'Devolvido'),
(290, 13, 14, '2025-08-20', '2025-09-04', NULL, 'Devolvido'),
(291, 3, 15, '2025-04-06', '2025-04-22', NULL, 'Devolvido'),
(292, 8, 16, '2025-05-20', '2025-06-04', NULL, 'Devolvido'),
(293, 9, 17, '2025-06-29', '2025-07-19', NULL, 'Devolvido'),
(294, 10, 18, '2025-08-08', '2025-08-14', NULL, 'Devolvido'),
(295, 11, 19, '2025-07-19', '2025-08-05', NULL, 'Devolvido'),
(296, 12, 20, '2025-08-05', '2025-08-17', NULL, 'Devolvido'),
(297, 13, 21, '2025-04-19', '2025-04-28', NULL, 'Devolvido'),
(298, 3, 22, '2025-05-24', '2025-06-08', NULL, 'Devolvido'),
(299, 8, 23, '2025-06-09', '2025-06-23', NULL, 'Devolvido'),
(300, 9, 24, '2025-07-03', '2025-07-18', NULL, 'Devolvido'),
(301, 10, 25, '2025-06-08', '2025-06-14', NULL, 'Devolvido'),
(302, 11, 26, '2025-08-25', '2025-09-03', NULL, 'Devolvido'),
(303, 12, 27, '2025-04-27', '2025-05-14', NULL, 'Devolvido'),
(304, 13, 28, '2025-05-14', '2025-05-31', NULL, 'Devolvido'),
(305, 3, 29, '2025-06-04', '2025-06-16', NULL, 'Devolvido'),
(306, 8, 30, '2025-07-28', '2025-08-18', NULL, 'Devolvido'),
(307, 9, 31, '2025-08-22', '2025-09-12', NULL, 'Devolvido'),
(308, 10, 32, '2025-06-03', '2025-06-23', NULL, 'Devolvido'),
(309, 11, 33, '2025-04-19', '2025-05-02', NULL, 'Devolvido'),
(310, 12, 34, '2025-05-07', '2025-05-19', NULL, 'Devolvido'),
(311, 13, 35, '2025-06-28', '2025-07-08', NULL, 'Devolvido'),
(312, 3, 36, '2025-07-27', '2025-08-07', NULL, 'Devolvido'),
(313, 8, 37, '2025-08-28', '2025-08-31', NULL, 'Devolvido'),
(314, 9, 38, '2025-04-10', '2025-04-23', NULL, 'Devolvido'),
(315, 10, 39, '2025-07-05', '2025-07-22', NULL, 'Devolvido'),
(316, 11, 40, '2025-05-08', '2025-05-15', NULL, 'Devolvido'),
(317, 12, 41, '2025-06-04', '2025-06-17', NULL, 'Devolvido'),
(318, 13, 42, '2025-08-17', '2025-09-02', NULL, 'Devolvido'),
(319, 3, 43, '2025-07-16', '2025-07-21', NULL, 'Devolvido'),
(320, 8, 44, '2025-08-29', '2025-09-05', NULL, 'Devolvido'),
(321, 9, 45, '2025-04-05', '2025-04-09', NULL, 'Devolvido'),
(322, 10, 46, '2025-08-07', '2025-08-22', NULL, 'Devolvido'),
(323, 11, 47, '2025-05-24', '2025-06-03', NULL, 'Devolvido'),
(324, 12, 48, '2025-06-04', '2025-06-10', NULL, 'Devolvido'),
(325, 13, 49, '2025-06-16', '2025-07-02', NULL, 'Devolvido'),
(326, 3, 50, '2025-05-10', '2025-05-15', NULL, 'Devolvido'),
(327, 8, 51, '2025-08-26', '2025-09-07', NULL, 'Devolvido'),
(328, 9, 52, '2025-07-26', '2025-08-10', NULL, 'Devolvido'),
(329, 10, 53, '2025-08-21', '2025-08-30', NULL, 'Devolvido'),
(330, 11, 54, '2025-04-22', '2025-05-05', NULL, 'Devolvido'),
(331, 12, 55, '2025-05-03', '2025-05-15', NULL, 'Devolvido'),
(332, 13, 56, '2025-08-02', '2025-08-19', NULL, 'Devolvido'),
(333, 3, 57, '2025-04-05', '2025-04-14', NULL, 'Devolvido'),
(334, 8, 58, '2025-08-22', '2025-09-09', NULL, 'Devolvido'),
(335, 9, 59, '2025-06-28', '2025-07-12', NULL, 'Devolvido'),
(336, 10, 60, '2025-07-19', '2025-07-25', NULL, 'Devolvido'),
(337, 11, 61, '2025-07-15', '2025-07-20', NULL, 'Devolvido'),
(338, 12, 62, '2025-08-13', '2025-08-26', NULL, 'Devolvido'),
(339, 13, 63, '2025-04-21', '2025-05-06', NULL, 'Devolvido'),
(340, 3, 64, '2025-05-07', '2025-05-17', NULL, 'Devolvido'),
(341, 8, 65, '2025-07-29', '2025-08-09', NULL, 'Devolvido'),
(342, 9, 66, '2025-05-10', '2025-05-23', NULL, 'Devolvido'),
(343, 10, 67, '2025-06-16', '2025-06-27', NULL, 'Devolvido'),
(344, 11, 68, '2025-07-17', '2025-08-06', NULL, 'Devolvido'),
(345, 12, 69, '2025-08-20', '2025-08-31', NULL, 'Devolvido'),
(346, 13, 70, '2025-04-04', '2025-04-20', NULL, 'Devolvido'),
(347, 3, 71, '2025-05-19', '2025-06-06', NULL, 'Devolvido'),
(348, 8, 72, '2025-06-10', '2025-06-25', NULL, 'Devolvido'),
(349, 9, 73, '2025-08-17', '2025-08-22', NULL, 'Devolvido'),
(350, 10, 74, '2025-07-01', '2025-07-20', NULL, 'Devolvido'),
(351, 11, 75, '2025-08-16', '2025-09-02', NULL, 'Devolvido'),
(352, 12, 76, '2025-04-28', '2025-05-11', NULL, 'Devolvido'),
(353, 13, 77, '2025-06-10', '2025-06-26', NULL, 'Devolvido'),
(354, 3, 78, '2025-05-02', '2025-05-05', NULL, 'Devolvido'),
(355, 8, 79, '2025-06-29', '2025-07-06', NULL, 'Devolvido'),
(356, 9, 80, '2025-07-23', '2025-08-06', NULL, 'Devolvido'),
(357, 10, 81, '2025-08-14', '2025-08-17', NULL, 'Devolvido'),
(358, 11, 82, '2025-04-01', '2025-04-19', NULL, 'Devolvido'),
(359, 12, 83, '2025-05-17', '2025-05-20', NULL, 'Devolvido'),
(360, 13, 84, '2025-08-24', '2025-09-14', NULL, 'Devolvido'),
(361, 3, 85, '2025-06-01', '2025-06-09', NULL, 'Devolvido'),
(362, 8, 86, '2025-08-09', '2025-08-21', NULL, 'Devolvido'),
(363, 9, 87, '2025-07-28', '2025-08-01', NULL, 'Devolvido'),
(364, 10, 88, '2025-08-14', '2025-09-02', NULL, 'Devolvido'),
(365, 11, 89, '2025-08-01', '2025-08-06', NULL, 'Devolvido'),
(366, 12, 90, '2025-04-22', '2025-05-08', NULL, 'Devolvido'),
(367, 13, 91, '2025-05-26', '2025-06-15', NULL, 'Devolvido'),
(368, 3, 92, '2025-05-22', '2025-06-06', NULL, 'Devolvido'),
(369, 8, 93, '2025-06-04', '2025-06-20', NULL, 'Devolvido'),
(370, 9, 94, '2025-07-14', '2025-07-18', NULL, 'Devolvido'),
(371, 10, 95, '2025-08-02', '2025-08-06', NULL, 'Devolvido'),
(372, 11, 96, '2025-04-05', '2025-04-10', NULL, 'Devolvido'),
(373, 12, 97, '2025-05-04', '2025-05-12', NULL, 'Devolvido'),
(374, 13, 98, '2025-06-28', '2025-07-19', NULL, 'Devolvido'),
(375, 3, 99, '2025-07-11', '2025-07-15', NULL, 'Devolvido'),
(376, 8, 100, '2025-07-15', '2025-07-22', NULL, 'Devolvido'),
(377, 9, 1, '2025-08-14', '2025-08-29', NULL, 'Devolvido'),
(378, 10, 2, '2025-04-27', '2025-05-01', NULL, 'Devolvido'),
(379, 11, 3, '2025-05-23', '2025-05-29', NULL, 'Devolvido'),
(380, 12, 4, '2025-06-11', '2025-07-01', NULL, 'Devolvido'),
(381, 13, 5, '2025-07-11', '2025-07-24', NULL, 'Devolvido'),
(382, 3, 6, '2025-08-19', '2025-08-25', NULL, 'Devolvido'),
(383, 8, 7, '2025-06-16', '2025-07-03', NULL, 'Devolvido'),
(384, 9, 8, '2025-08-08', '2025-08-29', NULL, 'Devolvido'),
(385, 10, 9, '2025-04-04', '2025-04-19', NULL, 'Devolvido'),
(386, 11, 10, '2025-05-08', '2025-05-18', NULL, 'Devolvido'),
(387, 12, 11, '2025-06-02', '2025-06-13', NULL, 'Devolvido'),
(388, 13, 12, '2025-07-12', '2025-07-28', NULL, 'Devolvido'),
(389, 3, 13, '2025-08-16', '2025-08-31', NULL, 'Devolvido'),
(390, 8, 14, '2025-08-04', '2025-08-08', NULL, 'Devolvido'),
(391, 9, 15, '2025-04-18', '2025-05-05', NULL, 'Devolvido'),
(392, 10, 16, '2025-07-04', '2025-07-07', NULL, 'Devolvido'),
(393, 11, 17, '2025-05-28', '2025-06-02', NULL, 'Devolvido'),
(394, 12, 18, '2025-05-15', '2025-06-05', NULL, 'Devolvido'),
(395, 13, 19, '2025-08-17', '2025-08-31', NULL, 'Devolvido'),
(396, 3, 20, '2025-06-19', '2025-07-01', NULL, 'Devolvido'),
(397, 8, 21, '2025-07-04', '2025-07-20', NULL, 'Devolvido'),
(398, 9, 22, '2025-08-27', '2025-09-07', NULL, 'Devolvido'),
(399, 10, 23, '2025-08-26', '2025-09-12', NULL, 'Devolvido'),
(400, 11, 24, '2025-04-25', '2025-05-14', NULL, 'Devolvido'),
(401, 12, 25, '2025-05-07', '2025-05-16', NULL, 'Devolvido'),
(402, 13, 26, '2025-08-13', '2025-09-01', NULL, 'Devolvido'),
(403, 3, 27, '2025-06-25', '2025-07-08', NULL, 'Devolvido'),
(404, 8, 28, '2025-07-07', '2025-07-17', NULL, 'Devolvido'),
(405, 9, 29, '2025-08-04', '2025-08-07', NULL, 'Devolvido'),
(406, 10, 30, '2025-08-14', '2025-08-29', NULL, 'Devolvido'),
(407, 11, 31, '2025-04-07', '2025-04-23', NULL, 'Devolvido'),
(408, 12, 32, '2025-05-08', '2025-05-28', NULL, 'Devolvido'),
(409, 13, 33, '2025-06-02', '2025-06-13', NULL, 'Devolvido'),
(410, 3, 34, '2025-07-09', '2025-07-17', NULL, 'Devolvido'),
(411, 8, 35, '2025-07-17', '2025-07-21', NULL, 'Devolvido'),
(412, 9, 36, '2025-08-21', '2025-08-26', NULL, 'Devolvido'),
(413, 10, 37, '2025-08-11', '2025-08-21', NULL, 'Devolvido'),
(414, 11, 38, '2025-04-19', '2025-05-05', NULL, 'Devolvido'),
(415, 12, 39, '2025-05-12', '2025-05-25', NULL, 'Devolvido'),
(416, 13, 40, '2025-05-03', '2025-05-21', NULL, 'Devolvido'),
(417, 3, 41, '2025-06-17', '2025-07-03', NULL, 'Devolvido'),
(418, 8, 42, '2025-07-27', '2025-08-07', NULL, 'Devolvido'),
(419, 9, 43, '2025-08-14', '2025-09-03', NULL, 'Devolvido'),
(420, 10, 44, '2025-04-13', '2025-04-23', NULL, 'Devolvido'),
(421, 11, 45, '2025-05-13', '2025-05-31', NULL, 'Devolvido'),
(422, 12, 46, '2025-06-28', '2025-07-05', NULL, 'Devolvido'),
(423, 13, 47, '2025-07-23', '2025-08-03', NULL, 'Devolvido'),
(424, 3, 48, '2025-08-24', '2025-09-01', NULL, 'Devolvido'),
(425, 8, 49, '2025-04-16', '2025-04-24', NULL, 'Devolvido'),
(426, 9, 50, '2025-06-01', '2025-06-07', NULL, 'Devolvido'),
(427, 10, 51, '2025-05-20', '2025-05-25', NULL, 'Devolvido'),
(428, 11, 52, '2025-06-11', '2025-06-29', NULL, 'Devolvido'),
(429, 12, 53, '2025-07-30', '2025-08-15', NULL, 'Devolvido'),
(430, 13, 54, '2025-04-24', '2025-05-02', NULL, 'Devolvido'),
(431, 3, 55, '2025-08-17', '2025-08-29', NULL, 'Devolvido'),
(432, 8, 56, '2025-04-01', '2025-04-19', NULL, 'Devolvido'),
(433, 9, 57, '2025-05-15', '2025-05-31', NULL, 'Devolvido'),
(434, 10, 58, '2025-08-16', '2025-08-21', NULL, 'Devolvido'),
(435, 11, 59, '2025-06-08', '2025-06-18', NULL, 'Devolvido'),
(436, 12, 60, '2025-07-24', '2025-08-14', NULL, 'Devolvido'),
(437, 13, 61, '2025-07-21', '2025-07-30', NULL, 'Devolvido'),
(438, 3, 62, '2025-08-15', '2025-08-26', NULL, 'Devolvido'),
(439, 8, 63, '2025-04-05', '2025-04-14', NULL, 'Devolvido'),
(440, 9, 64, '2025-05-18', '2025-06-01', NULL, 'Devolvido'),
(441, 10, 65, '2025-08-05', '2025-08-25', NULL, 'Devolvido'),
(442, 11, 66, '2025-06-22', '2025-07-05', NULL, 'Devolvido'),
(443, 12, 67, '2025-08-19', '2025-08-26', NULL, 'Devolvido'),
(444, 13, 68, '2025-07-01', '2025-07-14', NULL, 'Devolvido'),
(445, 3, 69, '2025-08-05', '2025-08-11', NULL, 'Devolvido'),
(446, 8, 70, '2025-04-24', '2025-05-10', NULL, 'Devolvido'),
(447, 9, 71, '2025-05-29', '2025-06-07', NULL, 'Devolvido'),
(448, 10, 72, '2025-06-19', '2025-06-22', NULL, 'Devolvido'),
(449, 11, 73, '2025-08-02', '2025-08-19', NULL, 'Devolvido'),
(450, 12, 74, '2025-07-13', '2025-07-17', NULL, 'Devolvido'),
(451, 13, 75, '2025-08-27', '2025-09-09', NULL, 'Devolvido'),
(452, 3, 76, '2025-04-21', '2025-05-07', NULL, 'Devolvido'),
(453, 8, 77, '2025-06-08', '2025-06-25', NULL, 'Devolvido'),
(454, 9, 78, '2025-05-04', '2025-05-18', NULL, 'Devolvido'),
(455, 10, 79, '2025-05-08', '2025-05-18', NULL, 'Devolvido'),
(456, 11, 80, '2025-06-22', '2025-07-06', NULL, 'Devolvido'),
(457, 12, 81, '2025-07-14', '2025-07-30', NULL, 'Devolvido'),
(458, 13, 82, '2025-08-03', '2025-08-15', NULL, 'Devolvido'),
(459, 3, 83, '2025-04-27', '2025-05-14', NULL, 'Devolvido'),
(460, 8, 84, '2025-05-19', '2025-05-23', NULL, 'Devolvido'),
(461, 9, 85, '2025-05-10', '2025-05-17', NULL, 'Devolvido'),
(462, 10, 86, '2025-06-03', '2025-06-18', NULL, 'Devolvido'),
(463, 11, 87, '2025-07-07', '2025-07-19', NULL, 'Devolvido'),
(464, 12, 88, '2025-08-12', '2025-08-28', NULL, 'Devolvido'),
(465, 13, 89, '2025-05-09', '2025-05-23', NULL, 'Devolvido'),
(466, 3, 90, '2025-04-21', '2025-05-01', NULL, 'Devolvido'),
(467, 8, 91, '2025-05-07', '2025-05-18', NULL, 'Devolvido'),
(468, 9, 92, '2025-06-03', '2025-06-10', NULL, 'Devolvido'),
(469, 10, 93, '2025-07-07', '2025-07-28', NULL, 'Devolvido'),
(470, 11, 94, '2025-08-25', '2025-09-11', NULL, 'Devolvido'),
(471, 12, 95, '2025-04-22', '2025-04-28', NULL, 'Devolvido'),
(472, 13, 96, '2025-05-24', '2025-06-14', NULL, 'Devolvido'),
(473, 3, 97, '2025-06-06', '2025-06-21', NULL, 'Devolvido'),
(474, 8, 98, '2025-04-17', '2025-05-02', NULL, 'Devolvido'),
(475, 9, 99, '2025-07-12', '2025-07-28', NULL, 'Devolvido'),
(476, 10, 100, '2025-07-28', '2025-08-13', NULL, 'Devolvido'),
(477, 11, 1, '2025-08-26', '2025-09-10', NULL, 'Devolvido'),
(478, 12, 2, '2025-04-22', '2025-05-03', NULL, 'Devolvido'),
(479, 13, 3, '2025-05-04', '2025-05-23', NULL, 'Devolvido'),
(480, 3, 4, '2025-06-09', '2025-06-15', NULL, 'Devolvido'),
(481, 8, 5, '2025-08-02', '2025-08-10', NULL, 'Devolvido'),
(482, 9, 6, '2025-06-17', '2025-07-06', NULL, 'Devolvido'),
(483, 10, 7, '2025-07-28', '2025-08-12', NULL, 'Devolvido'),
(484, 11, 8, '2025-08-15', '2025-08-18', NULL, 'Devolvido'),
(485, 12, 9, '2025-04-17', '2025-04-30', NULL, 'Devolvido'),
(486, 13, 10, '2025-05-15', '2025-05-22', NULL, 'Devolvido'),
(487, 3, 11, '2025-08-28', '2025-09-05', NULL, 'Devolvido'),
(488, 8, 12, '2025-08-24', '2025-09-02', NULL, 'Devolvido'),
(489, 9, 13, '2025-06-14', '2025-06-26', NULL, 'Devolvido'),
(490, 10, 14, '2025-07-25', '2025-08-04', NULL, 'Devolvido'),
(491, 11, 15, '2025-07-30', '2025-08-16', NULL, 'Devolvido'),
(492, 12, 16, '2025-08-08', '2025-08-11', NULL, 'Devolvido'),
(493, 13, 17, '2025-04-15', '2025-04-29', NULL, 'Devolvido'),
(494, 3, 18, '2025-05-06', '2025-05-24', NULL, 'Devolvido'),
(495, 8, 19, '2025-06-01', '2025-06-07', NULL, 'Devolvido'),
(496, 9, 20, '2025-07-05', '2025-07-23', NULL, 'Devolvido'),
(497, 10, 21, '2025-08-29', '2025-09-04', NULL, 'Devolvido'),
(498, 11, 22, '2025-08-09', '2025-08-14', NULL, 'Devolvido'),
(499, 12, 23, '2025-04-07', '2025-04-25', NULL, 'Devolvido'),
(500, 13, 24, '2025-05-06', '2025-05-21', NULL, 'Devolvido'),
(501, 3, 25, '2025-05-17', '2025-05-21', NULL, 'Devolvido'),
(502, 8, 26, '2025-06-19', '2025-06-24', NULL, 'Devolvido'),
(503, 9, 27, '2025-07-22', '2025-08-09', NULL, 'Devolvido'),
(504, 10, 28, '2025-08-25', '2025-09-07', NULL, 'Devolvido'),
(505, 11, 29, '2025-04-12', '2025-04-25', NULL, 'Devolvido'),
(506, 12, 30, '2025-05-14', '2025-06-02', NULL, 'Devolvido'),
(507, 13, 31, '2025-04-19', '2025-05-10', NULL, 'Devolvido'),
(508, 3, 32, '2025-06-15', '2025-06-25', NULL, 'Devolvido'),
(509, 8, 33, '2025-07-06', '2025-07-15', NULL, 'Devolvido'),
(510, 9, 34, '2025-08-10', '2025-08-14', NULL, 'Devolvido'),
(511, 10, 35, '2025-04-16', '2025-04-21', NULL, 'Devolvido'),
(512, 11, 36, '2025-08-07', '2025-08-28', NULL, 'Devolvido'),
(513, 12, 37, '2025-05-02', '2025-05-17', NULL, 'Devolvido'),
(514, 13, 38, '2025-06-15', '2025-06-22', NULL, 'Devolvido'),
(515, 3, 39, '2025-07-27', '2025-08-06', NULL, 'Devolvido'),
(516, 8, 40, '2025-08-17', '2025-08-20', NULL, 'Devolvido'),
(517, 9, 41, '2025-04-01', '2025-04-10', NULL, 'Devolvido'),
(518, 10, 42, '2025-05-23', '2025-06-02', NULL, 'Devolvido'),
(519, 11, 43, '2025-07-19', '2025-07-22', NULL, 'Devolvido'),
(520, 12, 44, '2025-05-02', '2025-05-11', NULL, 'Devolvido'),
(521, 13, 45, '2025-06-06', '2025-06-23', NULL, 'Devolvido'),
(522, 3, 46, '2025-07-13', '2025-07-23', NULL, 'Devolvido'),
(523, 8, 47, '2025-08-13', '2025-08-30', NULL, 'Devolvido'),
(524, 9, 48, '2025-04-05', '2025-04-26', NULL, 'Devolvido'),
(525, 10, 49, '2025-05-14', '2025-05-31', NULL, 'Devolvido'),
(526, 11, 50, '2025-05-23', '2025-06-03', NULL, 'Devolvido'),
(527, 12, 51, '2025-06-26', '2025-06-29', NULL, 'Devolvido'),
(528, 13, 52, '2025-07-12', '2025-07-27', NULL, 'Devolvido'),
(529, 3, 53, '2025-08-24', '2025-09-12', NULL, 'Devolvido'),
(530, 8, 54, '2025-04-22', '2025-05-07', NULL, 'Devolvido'),
(531, 9, 55, '2025-06-06', '2025-06-21', NULL, 'Devolvido'),
(532, 10, 56, '2025-07-12', '2025-07-20', NULL, 'Devolvido'),
(533, 11, 57, '2025-05-08', '2025-05-19', NULL, 'Devolvido'),
(534, 12, 58, '2025-06-02', '2025-06-06', NULL, 'Devolvido'),
(535, 13, 59, '2025-06-26', '2025-07-06', NULL, 'Devolvido'),
(536, 3, 60, '2025-07-11', '2025-07-19', NULL, 'Devolvido'),
(537, 8, 61, '2025-08-05', '2025-08-16', NULL, 'Devolvido'),
(538, 9, 62, '2025-04-12', '2025-04-17', NULL, 'Devolvido'),
(539, 10, 63, '2025-05-21', '2025-06-10', NULL, 'Devolvido'),
(540, 11, 64, '2025-05-21', '2025-06-07', NULL, 'Devolvido'),
(541, 12, 65, '2025-06-09', '2025-06-12', NULL, 'Devolvido'),
(542, 13, 66, '2025-07-16', '2025-07-31', NULL, 'Devolvido'),
(543, 3, 67, '2025-08-04', '2025-08-11', NULL, 'Devolvido'),
(544, 8, 68, '2025-08-08', '2025-08-13', NULL, 'Devolvido'),
(545, 9, 69, '2025-08-15', '2025-08-19', NULL, 'Devolvido'),
(546, 10, 70, '2025-04-27', '2025-05-08', NULL, 'Devolvido'),
(547, 11, 71, '2025-05-18', '2025-05-22', NULL, 'Devolvido'),
(548, 12, 72, '2025-06-17', '2025-07-02', NULL, 'Devolvido'),
(549, 13, 73, '2025-07-16', '2025-07-28', NULL, 'Devolvido'),
(550, 3, 74, '2025-08-26', '2025-09-13', NULL, 'Devolvido'),
(551, 8, 75, '2025-07-14', '2025-08-03', NULL, 'Devolvido'),
(552, 9, 76, '2025-04-09', '2025-04-22', NULL, 'Devolvido'),
(553, 10, 77, '2025-05-10', '2025-05-22', NULL, 'Devolvido'),
(554, 11, 78, '2025-08-03', '2025-08-19', NULL, 'Devolvido'),
(555, 12, 79, '2025-06-23', '2025-07-07', NULL, 'Devolvido'),
(556, 13, 80, '2025-04-18', '2025-05-03', NULL, 'Devolvido'),
(557, 3, 81, '2025-07-29', '2025-08-09', NULL, 'Devolvido'),
(558, 8, 82, '2025-08-06', '2025-08-24', NULL, 'Devolvido'),
(559, 9, 83, '2025-04-28', '2025-05-09', NULL, 'Devolvido'),
(560, 10, 84, '2025-05-12', '2025-05-20', NULL, 'Devolvido'),
(561, 11, 85, '2025-06-04', '2025-06-09', NULL, 'Devolvido'),
(562, 12, 86, '2025-07-28', '2025-08-16', NULL, 'Devolvido'),
(563, 13, 87, '2025-05-17', '2025-06-07', NULL, 'Devolvido'),
(564, 3, 88, '2025-07-25', '2025-07-31', NULL, 'Devolvido'),
(565, 8, 89, '2025-08-27', '2025-09-01', NULL, 'Devolvido'),
(566, 9, 90, '2025-05-19', '2025-05-30', NULL, 'Devolvido'),
(567, 10, 91, '2025-08-12', '2025-08-22', NULL, 'Devolvido'),
(568, 11, 92, '2025-08-10', '2025-08-29', NULL, 'Devolvido'),
(569, 12, 93, '2025-04-02', '2025-04-16', NULL, 'Devolvido'),
(570, 13, 94, '2025-08-26', '2025-09-15', NULL, 'Devolvido'),
(571, 3, 95, '2025-05-23', '2025-06-09', NULL, 'Devolvido'),
(572, 8, 96, '2025-06-12', '2025-06-17', NULL, 'Devolvido'),
(573, 9, 97, '2025-07-06', '2025-07-18', NULL, 'Devolvido'),
(574, 10, 98, '2025-08-12', '2025-08-25', NULL, 'Devolvido'),
(575, 11, 99, '2025-08-17', '2025-09-04', NULL, 'Devolvido'),
(576, 12, 100, '2025-06-17', '2025-07-08', NULL, 'Devolvido');

--
-- Acionadores `emprestimo`
--
DELIMITER $$
CREATE TRIGGER `tr_emprestimo_delete_audit` BEFORE DELETE ON `emprestimo` FOR EACH ROW BEGIN
             INSERT INTO logs_auditoria (tabela, operacao, id_registro, dados_anteriores, usuario, ip_usuario)
             VALUES ('emprestimo', 'DELETE', OLD.Cod_Emprestimo,
                     CONCAT('Cliente: ', OLD.Cod_Cliente, ', Livro: ', OLD.Cod_Livro, ', Data: ', OLD.Data_Emprestimo),
                     USER(), @ip_usuario);
         END
$$
DELIMITER ;
DELIMITER $$
CREATE TRIGGER `tr_emprestimo_insert_audit` AFTER INSERT ON `emprestimo` FOR EACH ROW BEGIN
             INSERT INTO logs_auditoria (tabela, operacao, id_registro, dados_novos, usuario, ip_usuario)
             VALUES ('emprestimo', 'INSERT', NEW.Cod_Emprestimo, 
                     CONCAT('Cliente: ', NEW.Cod_Cliente, ', Livro: ', NEW.Cod_Livro, ', Data: ', NEW.Data_Emprestimo),
                     USER(), @ip_usuario);
         END
$$
DELIMITER ;
DELIMITER $$
CREATE TRIGGER `tr_emprestimo_update_audit` AFTER UPDATE ON `emprestimo` FOR EACH ROW BEGIN
             INSERT INTO logs_auditoria (tabela, operacao, id_registro, dados_anteriores, dados_novos, usuario, ip_usuario)
             VALUES ('emprestimo', 'UPDATE', NEW.Cod_Emprestimo,
                     CONCAT('Cliente: ', OLD.Cod_Cliente, ', Livro: ', OLD.Cod_Livro, ', Data: ', OLD.Data_Emprestimo),
                     CONCAT('Cliente: ', NEW.Cod_Cliente, ', Livro: ', NEW.Cod_Livro, ', Data: ', NEW.Data_Emprestimo),
                     USER(), @ip_usuario);
         END
$$
DELIMITER ;

-- --------------------------------------------------------

--
-- Estrutura para tabela `funcionario`
--

CREATE TABLE `funcionario` (
  `Cod_Funcionario` int(11) NOT NULL,
  `Cod_Perfil` int(11) DEFAULT NULL,
  `Nome` varchar(50) NOT NULL,
  `CPF` varchar(15) NOT NULL,
  `Email` varchar(255) NOT NULL,
  `Sexo` varchar(10) NOT NULL,
  `Telefone` varchar(20) NOT NULL,
  `Data_Nascimento` date NOT NULL,
  `Data_Efetivacao` date NOT NULL,
  `CEP` varchar(20) NOT NULL,
  `UF` char(2) NOT NULL,
  `Cidade` varchar(30) NOT NULL,
  `Bairro` varchar(30) NOT NULL,
  `Rua` varchar(40) NOT NULL,
  `Num_Residencia` int(11) NOT NULL,
  `Usuario` varchar(20) NOT NULL,
  `Senha` varchar(20) NOT NULL,
  `Senha_Temporaria` varchar(255) DEFAULT NULL,
  `Foto` longblob NOT NULL,
  `status` enum('ativo','inativo') DEFAULT 'ativo'
) ENGINE=InnoDB DEFAULT CHARSET=utf8mb4 COLLATE=utf8mb4_general_ci;

--
-- Despejando dados para a tabela `funcionario`
--

INSERT INTO `funcionario` (`Cod_Funcionario`, `Cod_Perfil`, `Nome`, `CPF`, `Email`, `Sexo`, `Telefone`, `Data_Nascimento`, `Data_Efetivacao`, `CEP`, `UF`, `Cidade`, `Bairro`, `Rua`, `Num_Residencia`, `Usuario`, `Senha`, `Senha_Temporaria`, `Foto`, `status`) VALUES
(5, 1, 'Sérgio Luiz da Silveira', '123.456.789-10', 'sergioluiz@gmail.com', 'Masculino', '(47) 91234-5678', '1980-09-11', '2005-02-20', '80010-030', 'PR', 'Curitiba', 'Centro', 'Praça Rui Barbosa', 29, 'sergio_luiz', '12345678', NULL, '', 'ativo'),
(12, 4, 'Dwayne Johnson', '985.735.298-72', 'therock@gmail.com', 'Masculino', '(98) 46794-8766', '1972-04-02', '2025-09-03', '89220-618', 'SC', 'Joinville', 'Costa e Silva', 'Rua Pavão', 1234, 'the_rock', '12345678', NULL, 0x7468655f726f636b2e6a7067, 'ativo'),
(18, 1, 'Silvio Luiz de Souza', '783.464.837-68', 'silvioluis@gmail.com', 'Masculino', '(47) 9881-2356', '1990-06-23', '2025-09-04', '89202-300', 'SC', 'Joinville', 'Bucarein', 'Rua Coronel Procópio Gomes', 1234, 'silvio_souza', '12345678', NULL, 0x657465726e6f5f73696c76696f2e6a7067, 'ativo'),
(19, 5, 'Marcos Paulo', '847.987.336-79', 'marcospaulo@gmail.com', 'Masculino', '(47) 98748-6338', '2007-12-25', '2025-09-04', '89215-025', 'SC', 'Joinville', 'Morro do Meio', 'Estrada Rolf Walter Goll', 145, 'marcos_paulo', '12345678', NULL, 0x6d6172636f735f7064696464792e6a7067, 'ativo'),
(20, 5, 'Kim Sunoo', '910.383.000-21', 'kimsunoo@gmail.com', 'Masculino', '(47) 91736-5201', '2001-08-07', '2025-09-04', '01503-010', 'SP', 'São Paulo', 'Liberdade', 'Praça da Liberdade - Japão', 729, 'kim_sunoo', '12345678', NULL, 0x73756e6f6f2e6a7067, 'ativo'),
(21, 5, 'George Joji Miller', '989.820.982-35', 'joji@gmail.com', 'Masculino', '(47) 94718-4722', '1995-02-12', '2025-09-04', '89227-050', 'SC', 'Joinville', 'Iririú', 'Rua dos Estados Unidos', 666, 'george_miller', '12345678', NULL, 0x6a6f6a692e6a7067, 'ativo'),
(22, 4, 'Maria Xuxa Meneghel', '927.293.737-21', 'xuxa@gmail.com', 'Masculino', '(47) 98126-0253', '1965-04-18', '2025-09-04', '02976-250', 'SP', 'São Paulo', 'Vila Zat', 'Rua Serra do Cachimbo', 860, 'xuxa_meneghel', '12345678', NULL, 0x787578615f6e6f76612e6a7067, 'ativo'),
(23, 4, 'Gerard Way', '826.740.027-46', 'gerardway@gmail.com', 'Masculino', '(47) 98124-0567', '1990-10-31', '2025-09-04', '09351-350', 'SP', 'Mauá', 'Parque das Américas', 'Rua Nova Jersey', 6969, 'gerard_way', '123456789', NULL, 0x6765726172645f7761792e6a7067, 'ativo'),
(24, 4, 'Mason Thames', '285.729.572-83', 'masonthames@gmail.com', 'Masculino', '(47) 98292-7465', '2000-03-08', '2025-09-04', '89086-847', 'SC', 'Indaial', 'Estados', 'Rua Texas', 1234, 'mason_thames', '12345678', NULL, 0x6d61736f6e5f7468616d65732e6a7067, 'inativo'),
(25, 3, 'Taylor Lautner', '827.582.752-33', 'taylorlautner@gmail.com', 'Masculino', '(47) 98017-6524', '2002-07-29', '2025-09-04', '04566-000', 'SP', 'São Paulo', 'Cidade Monções', 'Rua Michigan', 7786, 'taylor_lautner', '12345678', NULL, 0x7461796c6f725f6c6175746e65722e6a7067, 'ativo');

--
-- Acionadores `funcionario`
--
DELIMITER $$
CREATE TRIGGER `tr_funcionario_delete_audit` BEFORE DELETE ON `funcionario` FOR EACH ROW BEGIN
             INSERT INTO logs_auditoria (tabela, operacao, id_registro, dados_anteriores, usuario, ip_usuario)
             VALUES ('funcionario', 'DELETE', OLD.Cod_Funcionario,
                     CONCAT('Nome: ', OLD.Nome, ', Data Nascimento: ', OLD.Data_Nascimento),
                     USER(), @ip_usuario);
         END
$$
DELIMITER ;
DELIMITER $$
CREATE TRIGGER `tr_funcionario_insert_audit` AFTER INSERT ON `funcionario` FOR EACH ROW BEGIN
             INSERT INTO logs_auditoria (tabela, operacao, id_registro, dados_novos, usuario, ip_usuario)
             VALUES ('funcionario', 'INSERT', NEW.Cod_Funcionario, 
                     CONCAT('Nome: ', NEW.Nome, ', Data Nascimento: ', NEW.Data_Nascimento),
                     USER(), @ip_usuario);
         END
$$
DELIMITER ;
DELIMITER $$
CREATE TRIGGER `tr_funcionario_update_audit` AFTER UPDATE ON `funcionario` FOR EACH ROW BEGIN
             INSERT INTO logs_auditoria (tabela, operacao, id_registro, dados_anteriores, dados_novos, usuario, ip_usuario)
             VALUES ('funcionario', 'UPDATE', NEW.Cod_Funcionario,
                     CONCAT('Nome: ', OLD.Nome, ', Data Nascimento: ', OLD.Data_Nascimento),
                     CONCAT('Nome: ', NEW.Nome, ', Data Nascimento: ', NEW.Data_Nascimento),
                     USER(), @ip_usuario);
         END
$$
DELIMITER ;

-- --------------------------------------------------------

--
-- Estrutura para tabela `genero`
--

CREATE TABLE `genero` (
  `Cod_Genero` int(11) NOT NULL,
  `Nome_Genero` varchar(255) DEFAULT NULL
) ENGINE=InnoDB DEFAULT CHARSET=utf8mb4 COLLATE=utf8mb4_general_ci;

--
-- Despejando dados para a tabela `genero`
--

INSERT INTO `genero` (`Cod_Genero`, `Nome_Genero`) VALUES
(1, 'Ação'),
(2, 'Aventura'),
(3, 'Romance'),
(4, 'Suspense'),
(5, 'Ficção Científica'),
(6, 'Terror'),
(7, 'Educacional'),
(8, 'Horror'),
(9, 'Fantasia'),
(10, 'Autobiografia'),
(11, 'Infanto Juvenil'),
(12, 'Thriller'),
(13, 'Mistério');

-- --------------------------------------------------------

--
-- Estrutura para tabela `livro`
--

CREATE TABLE `livro` (
  `Cod_Livro` int(11) NOT NULL,
  `Cod_Autor` int(11) DEFAULT NULL,
  `Cod_Editora` int(11) DEFAULT NULL,
  `Cod_Doador` int(11) DEFAULT NULL,
  `Cod_Genero` int(11) DEFAULT NULL,
  `Titulo` varchar(50) NOT NULL,
  `Data_Lancamento` varchar(12) DEFAULT NULL,
  `Data_Registro` varchar(12) DEFAULT NULL,
  `Quantidade` int(11) NOT NULL,
  `Num_Prateleira` char(2) DEFAULT NULL,
  `Foto` longblob NOT NULL,
  `status` enum('ativo','inativo') DEFAULT 'ativo'
) ENGINE=InnoDB DEFAULT CHARSET=utf8mb4 COLLATE=utf8mb4_general_ci;

--
-- Despejando dados para a tabela `livro`
--

INSERT INTO `livro` (`Cod_Livro`, `Cod_Autor`, `Cod_Editora`, `Cod_Doador`, `Cod_Genero`, `Titulo`, `Data_Lancamento`, `Data_Registro`, `Quantidade`, `Num_Prateleira`, `Foto`, `status`) VALUES
(1, 1, 1, NULL, 1, 'Horizontes Distantes', '2019-08-19', '2025-09-15', 1, '0', 0x646f6d4361736d7572726f2e77656270, 'ativo'),
(2, 20, 2, NULL, 2, 'Ecos do Tempo', '2021-03-11', '2025-09-15', 10, '1', 0x6f636f727469636f2e6a7067, 'ativo'),
(3, 21, 3, NULL, 3, 'Caminhos Cruzados', '2016-01-23', '2025-09-15', 4, '2', 0x6f70657175656e6f7072696e636970652e6a7067, 'ativo'),
(4, 22, 4, NULL, 4, 'Aurora Silenciosa', '2017-04-16', '2025-09-15', 15, '3', 0x6a6f676f735f766f72617a65732e6a7067, 'ativo'),
(5, 23, 5, NULL, 5, 'Entardecer no Vale', '2024-06-27', '2025-09-15', 8, '4', 0x69745f636f6973612e6a7067, 'ativo'),
(6, 24, 6, NULL, 6, 'Labirintos da Alma', '2023-03-11', '2025-09-15', 11, '5', 0x666f676f5f655f73616e6775652e6a7067, 'ativo'),
(7, 25, 7, NULL, 7, 'Constelações Perdidas', '2020-07-12', '2025-09-15', 3, '6', 0x76616d7069726f732e77656270, 'ativo'),
(8, 26, 8, NULL, 8, 'Mar Aberto', '2016-12-02', '2025-09-15', 4, '7', 0x6f46696d6461457465726e69646164652e77656270, 'ativo'),
(9, 27, 9, NULL, 9, 'Raízes Profundas', '2023-09-12', '2025-09-15', 13, '8', 0x6f6c6976726f64616d6174656d61746963612e6a7067, 'ativo'),
(10, 28, 10, NULL, 10, 'A Ponte Invisível', '2017-04-09', '2025-09-15', 18, '9', 0x70617261746f646f736f736761726f746f737175656a61616d65692e6a7067, 'ativo'),
(11, 29, 11, NULL, 11, 'Códigos Secretos', '2019-07-16', '2025-09-15', 6, '10', 0x62726964612e6a7067, 'ativo'),
(12, 30, 12, NULL, 12, 'Fragmentos de Memória', '2024-02-08', '2025-09-15', 12, '11', 0x68656c656e612e6a7067, 'ativo'),
(13, 31, 13, NULL, 13, 'Sopro do Norte', '2024-09-08', '2025-09-15', 16, '12', 0x6c6976726f312e6a7067, 'ativo'),
(14, 32, 14, NULL, 1, 'Círculos Inacabados', '2025-09-03', '2025-09-15', 13, '13', 0x646f6d4361736d7572726f2e77656270, 'ativo'),
(15, 33, 15, NULL, 2, 'Vértices do Destino', '2018-01-21', '2025-09-15', 11, '14', 0x6f636f727469636f2e6a7067, 'ativo'),
(16, 34, 16, NULL, 3, 'Mundos Paralelos', '2019-10-05', '2025-09-15', 9, '15', 0x6f70657175656e6f7072696e636970652e6a7067, 'ativo'),
(17, 1, 17, NULL, 4, 'Vozes Antigas', '2022-04-13', '2025-09-15', 20, '16', 0x6a6f676f735f766f72617a65732e6a7067, 'ativo'),
(18, 20, 18, NULL, 5, 'Ritmos do Vento', '2019-08-27', '2025-09-15', 1, '17', 0x69745f636f6973612e6a7067, 'ativo'),
(19, 21, 20, NULL, 6, 'Noturno Azul', '2024-04-16', '2025-09-15', 4, '18', 0x666f676f5f655f73616e6775652e6a7067, 'ativo'),
(20, 22, 21, NULL, 7, 'Amanhecer Dourado', '2024-05-28', '2025-09-15', 10, '19', 0x76616d7069726f732e77656270, 'ativo'),
(21, 23, 1, NULL, 8, 'Riacho Silencioso', '2023-07-22', '2025-09-15', 6, '20', 0x6f46696d6461457465726e69646164652e77656270, 'ativo'),
(22, 24, 2, NULL, 9, 'O Mapa Antigo', '2025-09-10', '2025-09-15', 17, '21', 0x6f6c6976726f64616d6174656d61746963612e6a7067, 'ativo'),
(23, 25, 3, NULL, 10, 'Jardins de Inverno', '2018-02-27', '2025-09-15', 8, '22', 0x70617261746f646f736f736761726f746f737175656a61616d65692e6a7067, 'ativo'),
(24, 26, 4, NULL, 11, 'Luz e Sombra', '2019-10-07', '2025-09-15', 9, '23', 0x62726964612e6a7067, 'ativo'),
(25, 27, 5, NULL, 12, 'Portas do Vento', '2018-02-15', '2025-09-15', 15, '24', 0x68656c656e612e6a7067, 'ativo'),
(26, 28, 6, NULL, 13, 'O Guardião do Farol', '2019-07-18', '2025-09-15', 8, '25', 0x6c6976726f312e6a7067, 'ativo'),
(27, 29, 7, NULL, 1, 'Estação Final', '2018-11-23', '2025-09-15', 19, '0', 0x646f6d4361736d7572726f2e77656270, 'ativo'),
(28, 30, 8, NULL, 2, 'Caminho de Volta', '2022-12-06', '2025-09-15', 6, '1', 0x6f636f727469636f2e6a7067, 'ativo'),
(29, 31, 9, NULL, 3, 'Pétalas ao Chão', '2018-06-30', '2025-09-15', 7, '2', 0x6f70657175656e6f7072696e636970652e6a7067, 'ativo'),
(30, 32, 10, NULL, 4, 'No Coração da Floresta', '2025-04-12', '2025-09-15', 11, '3', 0x6a6f676f735f766f72617a65732e6a7067, 'ativo'),
(31, 33, 11, NULL, 5, 'Céu de Outono', '2016-01-26', '2025-09-15', 3, '4', 0x69745f636f6973612e6a7067, 'ativo'),
(32, 34, 12, NULL, 6, 'A Casa ao Lado', '2021-02-04', '2025-09-15', 18, '5', 0x666f676f5f655f73616e6775652e6a7067, 'ativo'),
(33, 1, 13, NULL, 7, 'Um Lugar no Mundo', '2023-02-03', '2025-09-15', 20, '6', 0x76616d7069726f732e77656270, 'ativo'),
(34, 20, 14, NULL, 8, 'O Eco e a Montanha', '2016-04-30', '2025-09-15', 19, '7', 0x6f46696d6461457465726e69646164652e77656270, 'ativo'),
(35, 21, 15, NULL, 9, 'Velas ao Leste', '2021-03-02', '2025-09-15', 4, '8', 0x6f6c6976726f64616d6174656d61746963612e6a7067, 'ativo'),
(36, 22, 16, NULL, 10, 'Rosa dos Ventos', '2023-12-23', '2025-09-15', 6, '9', 0x70617261746f646f736f736761726f746f737175656a61616d65692e6a7067, 'ativo'),
(37, 23, 17, NULL, 11, 'Canções de Areia', '2025-07-30', '2025-09-15', 16, '10', 0x62726964612e6a7067, 'ativo'),
(38, 24, 18, NULL, 12, 'O Livro das Marés', '2023-05-02', '2025-09-15', 3, '11', 0x68656c656e612e6a7067, 'ativo'),
(39, 25, 20, NULL, 13, 'Viagem ao Centro do Dia', '2024-09-22', '2025-09-15', 7, '12', 0x6c6976726f312e6a7067, 'ativo'),
(40, 26, 21, NULL, 1, 'Passos na Neve', '2024-09-07', '2025-09-15', 15, '13', 0x646f6d4361736d7572726f2e77656270, 'ativo'),
(41, 27, 1, NULL, 2, 'Silêncio das Rochas', '2016-10-22', '2025-09-15', 10, '14', 0x6f636f727469636f2e6a7067, 'ativo'),
(42, 28, 2, NULL, 3, 'Entre Dois Rios', '2017-12-31', '2025-09-15', 5, '15', 0x6f70657175656e6f7072696e636970652e6a7067, 'ativo'),
(43, 29, 3, NULL, 4, 'O Sinal da Colina', '2021-11-13', '2025-09-15', 1, '16', 0x6a6f676f735f766f72617a65732e6a7067, 'ativo'),
(44, 30, 4, NULL, 5, 'Brisa de Abril', '2024-03-21', '2025-09-15', 19, '17', 0x69745f636f6973612e6a7067, 'ativo'),
(45, 31, 5, NULL, 6, 'A Última Estrada', '2016-03-16', '2025-09-15', 7, '18', 0x666f676f5f655f73616e6775652e6a7067, 'ativo'),
(46, 32, 6, NULL, 7, 'As Quatro Estações', '2017-12-27', '2025-09-15', 8, '19', 0x76616d7069726f732e77656270, 'ativo'),
(47, 33, 7, NULL, 8, 'Pássaros de Fogo', '2021-04-15', '2025-09-15', 16, '20', 0x6f46696d6461457465726e69646164652e77656270, 'ativo'),
(48, 34, 8, NULL, 9, 'A Torre e o Mar', '2019-12-27', '2025-09-15', 17, '21', 0x6f6c6976726f64616d6174656d61746963612e6a7067, 'ativo'),
(49, 1, 9, NULL, 10, 'Rastros na Terra', '2023-12-28', '2025-09-15', 14, '22', 0x70617261746f646f736f736761726f746f737175656a61616d65692e6a7067, 'ativo'),
(50, 20, 10, NULL, 11, 'Vento sobre a Planície', '2017-09-26', '2025-09-15', 13, '23', 0x62726964612e6a7067, 'ativo'),
(51, 1, 1, NULL, 1, 'Caminhos do Horizonte', '2022-06-08', '2025-09-15', 17, '0', 0x646f6d4361736d7572726f2e77656270, 'ativo'),
(52, 20, 2, NULL, 2, 'Marcas do Tempo', '2017-12-23', '2025-09-15', 12, '1', 0x6f636f727469636f2e6a7067, 'ativo'),
(53, 21, 3, NULL, 3, 'Sombras de Pedra', '2017-08-17', '2025-09-15', 7, '2', 0x6f70657175656e6f7072696e636970652e6a7067, 'ativo'),
(54, 22, 4, NULL, 4, 'Rumo ao Norte', '2023-03-01', '2025-09-15', 6, '3', 0x6a6f676f735f766f72617a65732e6a7067, 'ativo'),
(55, 23, 5, NULL, 5, 'Pássaros no Inverno', '2024-11-01', '2025-09-15', 2, '4', 0x69745f636f6973612e6a7067, 'ativo'),
(56, 24, 6, NULL, 6, 'Dança das Folhas', '2020-12-13', '2025-09-15', 4, '5', 0x666f676f5f655f73616e6775652e6a7067, 'ativo'),
(57, 25, 7, NULL, 7, 'O Livro do Vento', '2025-09-04', '2025-09-15', 17, '6', 0x76616d7069726f732e77656270, 'ativo'),
(58, 26, 8, NULL, 8, 'Sussurros do Mar', '2023-10-06', '2025-09-15', 10, '7', 0x6f46696d6461457465726e69646164652e77656270, 'ativo'),
(59, 27, 9, NULL, 9, 'Colheita de Estrelas', '2022-12-19', '2025-09-15', 17, '8', 0x6f6c6976726f64616d6174656d61746963612e6a7067, 'ativo'),
(60, 28, 10, NULL, 10, 'A Estrada de Casa', '2020-06-20', '2025-09-15', 1, '9', 0x70617261746f646f736f736761726f746f737175656a61616d65692e6a7067, 'ativo'),
(61, 29, 11, NULL, 11, 'Entre Montanhas', '2020-10-28', '2025-09-15', 19, '10', 0x62726964612e6a7067, 'ativo'),
(62, 30, 12, NULL, 12, 'Raio de Luar', '2019-01-16', '2025-09-15', 7, '11', 0x68656c656e612e6a7067, 'ativo'),
(63, 31, 13, NULL, 13, 'A Janela e o Rio', '2015-11-29', '2025-09-15', 10, '12', 0x6c6976726f312e6a7067, 'ativo'),
(64, 32, 14, NULL, 1, 'Trilho Antigo', '2025-05-06', '2025-09-15', 5, '13', 0x646f6d4361736d7572726f2e77656270, 'ativo'),
(65, 33, 15, NULL, 2, 'Cartas ao Amanhã', '2020-02-19', '2025-09-15', 11, '14', 0x6f636f727469636f2e6a7067, 'ativo'),
(66, 34, 16, NULL, 3, 'O Silvo do Trem', '2021-07-04', '2025-09-15', 12, '15', 0x6f70657175656e6f7072696e636970652e6a7067, 'ativo'),
(67, 1, 17, NULL, 4, 'Castelos de Areia', '2019-06-09', '2025-09-15', 10, '16', 0x6a6f676f735f766f72617a65732e6a7067, 'ativo'),
(68, 20, 18, NULL, 5, 'A Ilha e a Ponte', '2015-10-07', '2025-09-15', 13, '17', 0x69745f636f6973612e6a7067, 'ativo'),
(69, 21, 20, NULL, 6, 'O Poço da Memória', '2021-11-14', '2025-09-15', 4, '18', 0x666f676f5f655f73616e6775652e6a7067, 'ativo'),
(70, 22, 21, NULL, 7, 'Flor de Campo', '2025-08-11', '2025-09-15', 18, '19', 0x76616d7069726f732e77656270, 'ativo'),
(71, 23, 1, NULL, 8, 'A Lâmpada Azul', '2019-07-18', '2025-09-15', 14, '20', 0x6f46696d6461457465726e69646164652e77656270, 'ativo'),
(72, 24, 2, NULL, 9, 'Ladeira do Sul', '2023-09-27', '2025-09-15', 14, '21', 0x6f6c6976726f64616d6174656d61746963612e6a7067, 'ativo'),
(73, 25, 3, NULL, 10, 'O Velho Faroleiro', '2017-02-12', '2025-09-15', 19, '22', 0x70617261746f646f736f736761726f746f737175656a61616d65692e6a7067, 'ativo'),
(74, 26, 4, NULL, 11, 'Caderno de Viagens', '2023-08-25', '2025-09-15', 12, '23', 0x62726964612e6a7067, 'ativo'),
(75, 27, 5, NULL, 12, 'O Bosque Claro', '2017-12-29', '2025-09-15', 13, '24', 0x68656c656e612e6a7067, 'ativo'),
(76, 28, 6, NULL, 13, 'Caminho da Serra', '2024-10-24', '2025-09-15', 4, '25', 0x6c6976726f312e6a7067, 'ativo'),
(77, 29, 7, NULL, 1, 'Sombra na Areia', '2017-07-22', '2025-09-15', 11, '0', 0x646f6d4361736d7572726f2e77656270, 'ativo'),
(78, 30, 8, NULL, 2, 'Poeira de Estrelas', '2023-10-22', '2025-09-15', 5, '1', 0x6f636f727469636f2e6a7067, 'ativo'),
(79, 31, 9, NULL, 3, 'Chuva de Verão', '2020-05-21', '2025-09-15', 17, '2', 0x6f70657175656e6f7072696e636970652e6a7067, 'ativo'),
(80, 32, 10, NULL, 4, 'A Porta do Norte', '2016-01-09', '2025-09-15', 9, '3', 0x6a6f676f735f766f72617a65732e6a7067, 'ativo'),
(81, 33, 11, NULL, 5, 'O Pescador e o Céu', '2025-07-21', '2025-09-15', 19, '4', 0x69745f636f6973612e6a7067, 'ativo'),
(82, 34, 12, NULL, 6, 'Estrelas de Agosto', '2021-06-15', '2025-09-15', 12, '5', 0x666f676f5f655f73616e6775652e6a7067, 'ativo'),
(83, 1, 13, NULL, 7, 'Relva Molhada', '2020-05-22', '2025-09-15', 17, '6', 0x76616d7069726f732e77656270, 'ativo'),
(84, 20, 14, NULL, 8, 'O Jardim do Lago', '2019-08-05', '2025-09-15', 17, '7', 0x6f46696d6461457465726e69646164652e77656270, 'ativo'),
(85, 21, 15, NULL, 9, 'Tarde de Domingo', '2024-08-05', '2025-09-15', 16, '8', 0x6f6c6976726f64616d6174656d61746963612e6a7067, 'ativo'),
(86, 22, 16, NULL, 10, 'Luz na Colina', '2024-03-25', '2025-09-15', 2, '9', 0x70617261746f646f736f736761726f746f737175656a61616d65692e6a7067, 'ativo'),
(87, 23, 17, NULL, 11, 'O Vale Escondido', '2020-10-08', '2025-09-15', 19, '10', 0x62726964612e6a7067, 'ativo'),
(88, 24, 18, NULL, 12, 'Canto da Manhã', '2020-07-29', '2025-09-15', 17, '11', 0x68656c656e612e6a7067, 'ativo'),
(89, 25, 20, NULL, 13, 'Maré Baixa', '2021-01-11', '2025-09-15', 7, '12', 0x6c6976726f312e6a7067, 'ativo'),
(90, 26, 21, NULL, 1, 'Rosa do Campo', '2018-03-13', '2025-09-15', 17, '13', 0x646f6d4361736d7572726f2e77656270, 'ativo'),
(91, 27, 1, NULL, 2, 'Letras ao Vento', '2021-10-29', '2025-09-15', 6, '14', 0x6f636f727469636f2e6a7067, 'ativo'),
(92, 28, 2, NULL, 3, 'O Sítio do Leste', '2023-11-22', '2025-09-15', 10, '15', 0x6f70657175656e6f7072696e636970652e6a7067, 'ativo'),
(93, 29, 3, NULL, 4, 'O Passo da Serra', '2021-10-04', '2025-09-15', 11, '16', 0x6a6f676f735f766f72617a65732e6a7067, 'ativo'),
(94, 30, 4, NULL, 5, 'Cascata de Luz', '2021-07-10', '2025-09-15', 6, '17', 0x69745f636f6973612e6a7067, 'ativo'),
(95, 31, 5, NULL, 6, 'A Vila e o Rio', '2017-07-04', '2025-09-15', 4, '18', 0x666f676f5f655f73616e6775652e6a7067, 'ativo'),
(96, 32, 6, NULL, 7, 'O Moinho Antigo', '2025-07-17', '2025-09-15', 18, '19', 0x76616d7069726f732e77656270, 'ativo'),
(97, 33, 7, NULL, 8, 'Casa de Madeira', '2022-12-01', '2025-09-15', 13, '20', 0x6f46696d6461457465726e69646164652e77656270, 'ativo'),
(98, 34, 8, NULL, 9, 'Ponte sobre o Riacho', '2021-01-05', '2025-09-15', 3, '21', 0x6f6c6976726f64616d6174656d61746963612e6a7067, 'ativo'),
(99, 1, 9, NULL, 10, 'Caminho de Pedra', '2020-07-22', '2025-09-15', 11, '22', 0x70617261746f646f736f736761726f746f737175656a61616d65692e6a7067, 'ativo'),
(100, 20, 10, NULL, 11, 'Fogueira de Outono', '2022-10-20', '2025-09-15', 1, '23', 0x62726964612e6a7067, 'ativo');

--
-- Acionadores `livro`
--
DELIMITER $$
CREATE TRIGGER `tr_livro_delete_audit` BEFORE DELETE ON `livro` FOR EACH ROW BEGIN
             INSERT INTO logs_auditoria (tabela, operacao, id_registro, dados_anteriores, usuario, ip_usuario)
             VALUES ('livro', 'DELETE', OLD.Cod_Livro,
                     CONCAT('Título: ', OLD.Titulo),
                     @usuario_sistema, @ip_usuario);
         END
$$
DELIMITER ;
DELIMITER $$
CREATE TRIGGER `tr_livro_insert_audit` AFTER INSERT ON `livro` FOR EACH ROW BEGIN
             INSERT INTO logs_auditoria (tabela, operacao, id_registro, dados_novos, usuario, ip_usuario)
             VALUES ('livro', 'INSERT', NEW.Cod_Livro, 
                     CONCAT('Título: ', NEW.Titulo),
                     @usuario_sistema, @ip_usuario);
         END
$$
DELIMITER ;
DELIMITER $$
CREATE TRIGGER `tr_livro_update_audit` AFTER UPDATE ON `livro` FOR EACH ROW BEGIN
             INSERT INTO logs_auditoria (tabela, operacao, id_registro, dados_anteriores, dados_novos, usuario, ip_usuario)
             VALUES ('livro', 'UPDATE', NEW.Cod_Livro,
                     CONCAT('Título: ', OLD.Titulo),
                     CONCAT('Título: ', NEW.Titulo),
                     @usuario_sistema, @ip_usuario);
         END
$$
DELIMITER ;

-- --------------------------------------------------------

--
-- Estrutura para tabela `logs_auditoria`
--

CREATE TABLE `logs_auditoria` (
  `id` int(11) NOT NULL,
  `tabela` varchar(50) NOT NULL,
  `operacao` enum('INSERT','UPDATE','DELETE') NOT NULL,
  `id_registro` int(11) NOT NULL,
  `dados_anteriores` text DEFAULT NULL,
  `dados_novos` text DEFAULT NULL,
  `usuario` varchar(100) DEFAULT NULL,
  `data_operacao` timestamp NOT NULL DEFAULT current_timestamp(),
  `ip_usuario` varchar(45) DEFAULT NULL
) ENGINE=InnoDB DEFAULT CHARSET=utf8mb4 COLLATE=utf8mb4_general_ci;

--
-- Despejando dados para a tabela `logs_auditoria`
--

INSERT INTO `logs_auditoria` (`id`, `tabela`, `operacao`, `id_registro`, `dados_anteriores`, `dados_novos`, `usuario`, `data_operacao`, `ip_usuario`) VALUES
(1, 'cliente', 'UPDATE', 4, 'Nome: TESTE, CPF: 287.352.976-28, Email: teste@gmail.com', 'Nome: TESTE, CPF: 287.352.976-28, Email: teste@gmail.com', 'root@localhost', '2025-09-02 17:26:24', NULL),
(2, 'cliente', 'UPDATE', 4, 'Nome: TESTE, CPF: 287.352.976-28, Email: teste@gmail.com', 'Nome: TESTE 3, CPF: 287.352.976-28, Email: teste@gmail.com', 'root@localhost', '2025-09-02 17:28:54', NULL),
(3, 'cliente', 'UPDATE', 4, 'Nome: TESTE 3, CPF: 287.352.976-28, Email: teste@gmail.com', 'Nome: TESTE 3, CPF: 287.352.976-28, Email: teste@gmail.com', 'root@localhost', '2025-09-02 17:29:45', NULL),
(4, 'cliente', 'UPDATE', 4, 'Nome: TESTE 3, CPF: 287.352.976-28, Email: teste@gmail.com', 'Nome: TESTE 3, CPF: 287.352.976-28, Email: teste@gmail.com', 'root@localhost', '2025-09-02 17:32:11', NULL),
(5, 'cliente', 'UPDATE', 2, 'Nome: Guilherme Vinicius Schwarz, CPF: 928.759.274-87, Email: guilhermevinicius@gmail.com', 'Nome: Guilherme Vinicius Schwarz, CPF: 928.759.274-87, Email: guilhermevinicius@gmail.com', 'root@localhost', '2025-09-02 17:32:50', NULL),
(6, 'cliente', 'UPDATE', 3, 'Nome: Ian Lucas Borba, CPF: 985.672.685-78, Email: ianlucas@gmail.com', 'Nome: Ian Lucas Borba, CPF: 985.672.685-78, Email: ianlucas@gmail.com', 'root@localhost', '2025-09-02 17:33:06', NULL),
(7, 'cliente', 'UPDATE', 2, 'Nome: Guilherme Vinicius Schwarz, CPF: 928.759.274-87, Email: guilhermevinicius@gmail.com', 'Nome: Guilherme Vinicius Schwarz, CPF: 928.759.274-87, Email: guilhermevinicius@gmail.com', 'root@localhost', '2025-09-02 17:36:12', NULL),
(8, 'cliente', 'UPDATE', 4, 'Nome: TESTE 3, CPF: 287.352.976-28, Email: teste@gmail.com', 'Nome: TESTE 3, CPF: 287.352.976-28, Email: teste@gmail.com', 'root@localhost', '2025-09-02 17:36:30', NULL),
(9, 'funcionario', 'INSERT', 8, NULL, 'Nome: Mason Thames, Data Nascimento: 2025-09-02', 'root@localhost', '2025-09-02 19:14:56', NULL),
(10, 'funcionario', 'INSERT', 9, NULL, 'Nome: Mason Thames, Data Nascimento: 2025-09-02', 'root@localhost', '2025-09-02 19:21:12', NULL),
(11, 'funcionario', 'INSERT', 10, NULL, 'Nome: Mariska, Data Nascimento: 1964-01-23', 'root@localhost', '2025-09-02 19:22:47', NULL),
(12, 'funcionario', 'INSERT', 11, NULL, 'Nome: Paula, Data Nascimento: 2025-09-02', 'root@localhost', '2025-09-02 19:31:45', NULL),
(13, 'cliente', 'INSERT', 5, NULL, 'Nome: Gerard Way, CPF: 104.163.459-56, Email: gerard@gmail.com', 'root@localhost', '2025-09-02 19:33:40', NULL),
(14, 'cliente', 'UPDATE', 5, 'Nome: Gerard Way, CPF: 104.163.459-56, Email: gerard@gmail.com', 'Nome: Gerard Way, CPF: 104.163.459-56, Email: gerard@gmail.com', 'root@localhost', '2025-09-02 19:39:38', NULL),
(15, 'cliente', 'INSERT', 6, NULL, 'Nome: Drake, CPF: 104.163.459-56, Email: drake@gmail.com', 'root@localhost', '2025-09-02 19:41:17', NULL),
(16, 'cliente', 'INSERT', 7, NULL, 'Nome: rihanna, CPF: 985.672.685-78, Email: rihanna@gmail.com', 'root@localhost', '2025-09-02 19:46:56', NULL),
(17, 'livro', 'INSERT', 4, NULL, 'Título: Five Nights', NULL, '2025-09-02 19:48:35', NULL),
(18, 'autor', 'INSERT', 14, NULL, 'Nome: Gerard, Telefone: (87) 53386-5862, Email: gerard@gmail.com', 'root@localhost', '2025-09-02 19:49:49', NULL),
(19, 'autor', 'INSERT', 15, NULL, 'Nome: ana, Telefone: (44) 44444-4444, Email: ana@gmail.com', 'root@localhost', '2025-09-02 19:51:32', NULL),
(20, 'autor', 'INSERT', 16, NULL, 'Nome: ana, Telefone: (44) 44444-4444, Email: ana@gmail.com', 'root@localhost', '2025-09-02 19:51:37', NULL),
(21, 'autor', 'INSERT', 17, NULL, 'Nome: anaaa, Telefone: (32) 33684-9384, Email: ana@gmail.com', 'root@localhost', '2025-09-02 19:51:48', NULL),
(22, 'autor', 'INSERT', 18, NULL, 'Nome: anaaa, Telefone: (32) 33684-9384, Email: ana@gmail.com', 'root@localhost', '2025-09-02 19:52:55', NULL),
(23, 'autor', 'INSERT', 19, NULL, 'Nome: Gerard, Telefone: (28) 47286-2786, Email: aaaaaaa@gmail.om', 'root@localhost', '2025-09-02 19:53:07', NULL),
(24, 'autor', 'DELETE', 15, 'Nome: ana, Telefone: (44) 44444-4444, Email: ana@gmail.com', NULL, 'root@localhost', '2025-09-02 20:03:54', NULL),
(25, 'livro', 'DELETE', 4, 'Título: Five Nights', NULL, NULL, '2025-09-02 20:04:14', NULL),
(26, 'funcionario', 'UPDATE', 7, 'Nome: Bruno Henrique Ribeiro, Data Nascimento: 2009-03-11', 'Nome: Bruno Henrique Ribeiro, Data Nascimento: 2009-03-11', 'root@localhost', '2025-09-03 16:41:02', NULL),
(27, 'funcionario', 'UPDATE', 7, 'Nome: Bruno Henrique Ribeiro, Data Nascimento: 2009-03-11', 'Nome: Bruno Henrique Ribeiro, Data Nascimento: 2007-03-11', 'root@localhost', '2025-09-03 16:41:02', NULL),
(28, 'livro', 'UPDATE', 1, 'Título: Harry Potter', 'Título: Harry Potter', NULL, '2025-09-03 16:57:19', NULL),
(29, 'cliente', 'UPDATE', 3, 'Nome: Ian Lucas Borba, CPF: 985.672.685-78, Email: ianlucas@gmail.com', 'Nome: Ian Lucas Borba, CPF: 985.672.685-78, Email: ianlucas@gmail.com', 'root@localhost', '2025-09-03 16:57:29', NULL),
(30, 'cliente', 'UPDATE', 5, 'Nome: Gerard Way, CPF: 104.163.459-56, Email: gerard@gmail.com', 'Nome: Gerard Way, CPF: 104.163.459-56, Email: gerard@gmail.com', 'root@localhost', '2025-09-03 16:57:49', NULL),
(31, 'funcionario', 'UPDATE', 8, 'Nome: Mason Thames, Data Nascimento: 2025-09-02', 'Nome: Mason Thames, Data Nascimento: 2025-09-02', 'root@localhost', '2025-09-03 16:58:06', NULL),
(32, 'funcionario', 'UPDATE', 8, 'Nome: Mason Thames, Data Nascimento: 2025-09-02', 'Nome: Mason Thames, Data Nascimento: 2007-09-02', 'root@localhost', '2025-09-03 16:58:06', NULL),
(33, 'livro', 'UPDATE', 1, 'Título: Harry Potter', 'Título: Harry Potter', NULL, '2025-09-03 16:58:12', NULL),
(34, 'funcionario', 'UPDATE', 8, 'Nome: Mason Thames, Data Nascimento: 2007-09-02', 'Nome: Mason Thames, Data Nascimento: 2007-09-02', 'root@localhost', '2025-09-03 16:58:35', NULL),
(35, 'funcionario', 'UPDATE', 8, 'Nome: Mason Thames, Data Nascimento: 2007-09-02', 'Nome: Mason Thames, Data Nascimento: 2007-09-02', 'root@localhost', '2025-09-03 16:58:35', NULL),
(36, 'cliente', 'UPDATE', 3, 'Nome: Ian Lucas Borba, CPF: 985.672.685-78, Email: ianlucas@gmail.com', 'Nome: Ian Lucas Borba, CPF: 985.672.685-78, Email: ianlucas@gmail.com', 'root@localhost', '2025-09-03 16:58:44', NULL),
(37, 'funcionario', 'DELETE', 9, 'Nome: Mason Thames, Data Nascimento: 2025-09-02', NULL, 'root@localhost', '2025-09-03 17:14:42', NULL),
(40, 'emprestimo', 'UPDATE', 1, 'Cliente: 2, Livro: 1, Data: 2025-08-13', 'Cliente: 2, Livro: 1, Data: 2025-08-13', 'root@localhost', '2025-09-03 17:43:28', NULL),
(41, 'emprestimo', 'UPDATE', 2, 'Cliente: 2, Livro: 1, Data: 2025-08-12', 'Cliente: 2, Livro: 1, Data: 2025-08-12', 'root@localhost', '2025-09-03 17:43:28', NULL),
(42, 'emprestimo', 'UPDATE', 3, 'Cliente: 2, Livro: 1, Data: 2025-08-12', 'Cliente: 2, Livro: 1, Data: 2025-08-12', 'root@localhost', '2025-09-03 17:43:28', NULL),
(43, 'emprestimo', 'UPDATE', 3, 'Cliente: 2, Livro: 1, Data: 2025-08-12', 'Cliente: 2, Livro: 1, Data: 2025-08-12', 'root@localhost', '2025-09-03 17:56:22', NULL),
(44, 'emprestimo', 'UPDATE', 3, 'Cliente: 2, Livro: 1, Data: 2025-08-12', 'Cliente: 2, Livro: 1, Data: 2025-08-12', 'root@localhost', '2025-09-03 17:56:24', NULL),
(45, 'emprestimo', 'UPDATE', 3, 'Cliente: 2, Livro: 1, Data: 2025-08-12', 'Cliente: 2, Livro: 1, Data: 2025-08-12', 'root@localhost', '2025-09-03 17:56:26', NULL),
(46, 'livro', 'UPDATE', 1, 'Título: Harry Potter', 'Título: Harry Potter', NULL, '2025-09-03 17:56:33', NULL),
(47, 'emprestimo', 'UPDATE', 3, 'Cliente: 2, Livro: 1, Data: 2025-08-12', 'Cliente: 2, Livro: 1, Data: 2025-08-12', 'root@localhost', '2025-09-03 17:56:33', NULL),
(48, 'funcionario', 'INSERT', 12, NULL, 'Nome: Dwayne Johnson, Data Nascimento: 1972-04-02', 'root@localhost', '2025-09-03 18:59:20', NULL),
(49, 'livro', 'INSERT', 5, NULL, 'Título: Amor & Gelato', NULL, '2025-09-03 19:15:48', NULL),
(50, 'livro', 'DELETE', 5, 'Título: Amor & Gelato', NULL, NULL, '2025-09-03 19:17:37', NULL),
(51, 'funcionario', 'UPDATE', 7, 'Nome: Bruno Henrique Ribeiro, Data Nascimento: 2007-03-11', 'Nome: Bruno Henrique Ribeiro, Data Nascimento: 2007-03-11', 'root@localhost', '2025-09-03 22:28:51', NULL),
(52, 'funcionario', 'UPDATE', 8, 'Nome: Mason Thames, Data Nascimento: 2007-09-02', 'Nome: Mason Thames, Data Nascimento: 2007-09-02', 'root@localhost', '2025-09-03 22:28:59', NULL),
(53, 'funcionario', 'UPDATE', 10, 'Nome: Mariska, Data Nascimento: 1964-01-23', 'Nome: Mariska, Data Nascimento: 1964-01-23', 'root@localhost', '2025-09-03 22:29:05', NULL),
(54, 'funcionario', 'UPDATE', 11, 'Nome: Paula, Data Nascimento: 2025-09-02', 'Nome: Paula, Data Nascimento: 2025-09-02', 'root@localhost', '2025-09-03 22:29:11', NULL),
(55, 'funcionario', 'INSERT', 13, NULL, 'Nome: Lara Gorito Barbosa De Souza, Data Nascimento: 2007-02-05', 'root@localhost', '2025-09-04 00:29:32', NULL),
(56, 'funcionario', 'INSERT', 14, NULL, 'Nome: Lara Gorito Barbosa De Souza, Data Nascimento: 2007-02-05', 'root@localhost', '2025-09-04 00:42:51', NULL),
(57, 'funcionario', 'INSERT', 15, NULL, 'Nome: Lara Gorito Barbosa De Souza, Data Nascimento: 2007-02-05', 'root@localhost', '2025-09-04 00:43:09', NULL),
(58, 'funcionario', 'INSERT', 16, NULL, 'Nome: TESTE, Data Nascimento: 2000-07-06', 'root@localhost', '2025-09-04 00:44:16', NULL),
(59, 'funcionario', 'DELETE', 15, 'Nome: Lara Gorito Barbosa De Souza, Data Nascimento: 2007-02-05', NULL, 'root@localhost', '2025-09-04 00:44:31', NULL),
(60, 'funcionario', 'DELETE', 14, 'Nome: Lara Gorito Barbosa De Souza, Data Nascimento: 2007-02-05', NULL, 'root@localhost', '2025-09-04 00:44:36', NULL),
(61, 'funcionario', 'DELETE', 13, 'Nome: Lara Gorito Barbosa De Souza, Data Nascimento: 2007-02-05', NULL, 'root@localhost', '2025-09-04 00:44:56', NULL),
(62, 'funcionario', 'INSERT', 17, NULL, 'Nome: Lara Gorito Barbosa De Souza, Data Nascimento: 2000-02-05', 'root@localhost', '2025-09-04 00:59:23', NULL),
(63, 'funcionario', 'DELETE', 17, 'Nome: Lara Gorito Barbosa De Souza, Data Nascimento: 2000-02-05', NULL, 'root@localhost', '2025-09-04 00:59:38', NULL),
(64, 'funcionario', 'UPDATE', 10, 'Nome: Mariska, Data Nascimento: 1964-01-23', 'Nome: Mariska, Data Nascimento: 1964-01-23', 'root@localhost', '2025-09-04 01:49:23', NULL),
(65, 'funcionario', 'UPDATE', 10, 'Nome: Mariska, Data Nascimento: 1964-01-23', 'Nome: Mariska, Data Nascimento: 1964-01-23', 'root@localhost', '2025-09-04 01:50:20', NULL),
(66, 'funcionario', 'UPDATE', 10, 'Nome: Mariska, Data Nascimento: 1964-01-23', 'Nome: Mariska, Data Nascimento: 1964-01-23', 'root@localhost', '2025-09-04 01:51:08', NULL),
(67, 'funcionario', 'UPDATE', 10, 'Nome: Mariska, Data Nascimento: 1964-01-23', 'Nome: Mariska, Data Nascimento: 1964-01-23', 'root@localhost', '2025-09-04 02:01:59', NULL),
(68, 'funcionario', 'UPDATE', 10, 'Nome: Mariska, Data Nascimento: 1964-01-23', 'Nome: Mariska, Data Nascimento: 1964-01-23', 'root@localhost', '2025-09-04 02:02:30', NULL),
(69, 'funcionario', 'DELETE', 16, 'Nome: TESTE, Data Nascimento: 2000-07-06', NULL, 'root@localhost', '2025-09-04 16:47:22', NULL),
(70, 'cliente', 'DELETE', 4, 'Nome: TESTE 3, CPF: 287.352.976-28, Email: teste@gmail.com', NULL, 'root@localhost', '2025-09-04 16:47:29', NULL),
(71, 'cliente', 'DELETE', 7, 'Nome: rihanna, CPF: 985.672.685-78, Email: rihanna@gmail.com', NULL, 'root@localhost', '2025-09-04 16:47:50', NULL),
(72, 'funcionario', 'INSERT', 18, NULL, 'Nome: Silvio Luiz de Souza, Data Nascimento: 1990-06-23', 'root@localhost', '2025-09-04 17:22:21', NULL),
(73, 'funcionario', 'DELETE', 8, 'Nome: Mason Thames, Data Nascimento: 2007-09-02', NULL, 'root@localhost', '2025-09-04 17:23:23', NULL),
(74, 'funcionario', 'INSERT', 19, NULL, 'Nome: Marcos Paulo, Data Nascimento: 2007-12-25', 'root@localhost', '2025-09-04 17:31:15', NULL),
(75, 'funcionario', 'INSERT', 20, NULL, 'Nome: Kim Sunoo, Data Nascimento: 2001-08-07', 'root@localhost', '2025-09-04 17:44:23', NULL),
(76, 'funcionario', 'INSERT', 21, NULL, 'Nome: George Joji Miller, Data Nascimento: 1995-02-12', 'root@localhost', '2025-09-04 17:47:20', NULL),
(77, 'funcionario', 'INSERT', 22, NULL, 'Nome: Maria Xuxa Meneghel, Data Nascimento: 1965-04-18', 'root@localhost', '2025-09-04 17:51:59', NULL),
(78, 'cliente', 'DELETE', 5, 'Nome: Gerard Way, CPF: 104.163.459-56, Email: gerard@gmail.com', NULL, 'root@localhost', '2025-09-04 17:52:33', NULL),
(79, 'funcionario', 'INSERT', 23, NULL, 'Nome: Gerard Way, Data Nascimento: 1990-10-31', 'root@localhost', '2025-09-04 17:56:57', NULL),
(80, 'funcionario', 'INSERT', 24, NULL, 'Nome: Mason Thames, Data Nascimento: 2000-03-08', 'root@localhost', '2025-09-04 17:59:39', NULL),
(81, 'funcionario', 'INSERT', 25, NULL, 'Nome: Taylor Lautner, Data Nascimento: 2002-07-29', 'root@localhost', '2025-09-04 18:03:48', NULL),
(82, 'funcionario', 'DELETE', 7, 'Nome: Bruno Henrique Ribeiro, Data Nascimento: 2007-03-11', NULL, 'root@localhost', '2025-09-04 18:39:05', NULL),
(83, 'funcionario', 'DELETE', 10, 'Nome: Mariska, Data Nascimento: 1964-01-23', NULL, 'root@localhost', '2025-09-04 18:39:12', NULL),
(84, 'funcionario', 'DELETE', 11, 'Nome: Paula, Data Nascimento: 2025-09-02', NULL, 'root@localhost', '2025-09-04 18:39:21', NULL),
(85, 'cliente', 'UPDATE', 3, 'Nome: Ian Lucas Borba, CPF: 985.672.685-78, Email: ianlucas@gmail.com', 'Nome: Ian Lucas Borba, CPF: 985.672.685-78, Email: ianlucas@gmail.com', 'root@localhost', '2025-09-04 18:46:01', NULL),
(86, 'cliente', 'DELETE', 6, 'Nome: Drake, CPF: 104.163.459-56, Email: drake@gmail.com', NULL, 'root@localhost', '2025-09-04 18:46:30', NULL),
(87, 'cliente', 'UPDATE', 2, 'Nome: Guilherme Vinicius Schwarz, CPF: 928.759.274-87, Email: guilhermevinicius@gmail.com', 'Nome: Guilherme Vinicius Schwarz, CPF: 928.759.274-87, Email: guilhermevinicius@gmail.com', 'root@localhost', '2025-09-04 18:46:47', NULL),
(90, 'autor', 'DELETE', 2, 'Nome: Mason Thames, Telefone: (99) 99999-9999, Email: masonthames@gmail.com', NULL, 'root@localhost', '2025-09-04 18:48:56', NULL),
(91, 'autor', 'DELETE', 16, 'Nome: ana, Telefone: (44) 44444-4444, Email: ana@gmail.com', NULL, 'root@localhost', '2025-09-04 18:48:58', NULL),
(92, 'autor', 'DELETE', 17, 'Nome: anaaa, Telefone: (32) 33684-9384, Email: ana@gmail.com', NULL, 'root@localhost', '2025-09-04 18:49:00', NULL),
(93, 'autor', 'DELETE', 18, 'Nome: anaaa, Telefone: (32) 33684-9384, Email: ana@gmail.com', NULL, 'root@localhost', '2025-09-04 18:49:02', NULL),
(94, 'autor', 'DELETE', 14, 'Nome: Gerard, Telefone: (87) 53386-5862, Email: gerard@gmail.com', NULL, 'root@localhost', '2025-09-04 18:49:04', NULL),
(95, 'autor', 'DELETE', 19, 'Nome: Gerard, Telefone: (28) 47286-2786, Email: aaaaaaa@gmail.om', NULL, 'root@localhost', '2025-09-04 18:49:06', NULL),
(97, 'cliente', 'INSERT', 8, NULL, 'Nome: João Vitor Atanazio, CPF: 182.648.267-47, Email: joaovitor@gmail.com', 'root@localhost', '2025-09-04 18:58:54', NULL),
(99, 'cliente', 'INSERT', 9, NULL, 'Nome: Gustavo Tobler, CPF: 832.675.782-67, Email: gustavotobler@gmail.com', 'root@localhost', '2025-09-04 19:12:09', NULL),
(100, 'cliente', 'INSERT', 10, NULL, 'Nome: Matheus Henrique Dela, CPF: 873.258.275-28, Email: matheushenrique@gmail.com', 'root@localhost', '2025-09-04 19:16:38', NULL),
(101, 'cliente', 'INSERT', 11, NULL, 'Nome: Tatiane Vieira, CPF: 283.728.628-65, Email: tatianevieira@gmail.com', 'root@localhost', '2025-09-04 19:23:30', NULL),
(102, 'cliente', 'INSERT', 12, NULL, 'Nome: Drake, CPF: 832.782.576-29, Email: drake@gmail.com', 'root@localhost', '2025-09-04 19:34:07', NULL),
(103, 'funcionario', 'UPDATE', 24, 'Nome: Mason Thames, Data Nascimento: 2000-03-08', 'Nome: Mason Thames, Data Nascimento: 2000-03-08', 'root@localhost', '2025-09-04 22:43:03', NULL),
(104, 'cliente', 'UPDATE', 12, 'Nome: Drake, CPF: 832.782.576-29, Email: drake@gmail.com', 'Nome: Drake, CPF: 832.782.576-29, Email: drake@gmail.com', 'root@localhost', '2025-09-04 22:50:04', NULL),
(105, 'cliente', 'UPDATE', 12, 'Nome: Drake, CPF: 832.782.576-29, Email: drake@gmail.com', 'Nome: Drake, CPF: 832.782.576-29, Email: drake@gmail.com', 'root@localhost', '2025-09-04 22:50:13', NULL),
(106, 'cliente', 'UPDATE', 12, 'Nome: Drake, CPF: 832.782.576-29, Email: drake@gmail.com', 'Nome: Drake, CPF: 832.782.576-20, Email: drake@gmail.com', 'root@localhost', '2025-09-04 23:15:49', NULL),
(107, 'cliente', 'UPDATE', 12, 'Nome: Drake, CPF: 832.782.576-20, Email: drake@gmail.com', 'Nome: Drake, CPF: 832.782.576-24, Email: drake@gmail.com', 'root@localhost', '2025-09-04 23:16:34', NULL),
(108, 'cliente', 'UPDATE', 12, 'Nome: Drake, CPF: 832.782.576-24, Email: drake@gmail.com', 'Nome: Drake, CPF: 832.782.576-24, Email: drake@gmail.com', 'root@localhost', '2025-09-04 23:17:57', NULL),
(109, 'cliente', 'UPDATE', 12, 'Nome: Drake, CPF: 832.782.576-24, Email: drake@gmail.com', 'Nome: Drake, CPF: 832.782.576-24, Email: drake@gmail.com', 'root@localhost', '2025-09-04 23:18:18', NULL),
(112, 'emprestimo', 'DELETE', 1, 'Cliente: 2, Livro: 1, Data: 2025-08-13', NULL, 'root@localhost', '2025-09-04 23:19:49', NULL),
(113, 'emprestimo', 'DELETE', 2, 'Cliente: 2, Livro: 1, Data: 2025-08-12', NULL, 'root@localhost', '2025-09-04 23:19:49', NULL),
(114, 'emprestimo', 'DELETE', 3, 'Cliente: 2, Livro: 1, Data: 2025-08-12', NULL, 'root@localhost', '2025-09-04 23:19:49', NULL),
(115, 'cliente', 'DELETE', 2, 'Nome: Guilherme Vinicius Schwarz, CPF: 928.759.274-87, Email: guilhermevinicius@gmail.com', NULL, 'root@localhost', '2025-09-04 23:19:55', NULL),
(116, 'cliente', 'INSERT', 13, NULL, 'Nome: Helena Lopes, CPF: 298.237.484-35, Email: helenalopes@gmail.com', 'root@localhost', '2025-09-04 23:28:59', NULL),
(117, 'funcionario', 'UPDATE', 5, 'Nome: Sérgio Luiz da Silveira, Data Nascimento: 1980-09-11', 'Nome: Sérgio Luiz da Silveira, Data Nascimento: 1980-09-11', 'root@localhost', '2025-09-04 23:31:09', NULL),
(118, 'funcionario', 'UPDATE', 5, 'Nome: Sérgio Luiz da Silveira, Data Nascimento: 1980-09-11', 'Nome: Sérgio Luiz da Silveira, Data Nascimento: 1980-09-11', 'root@localhost', '2025-09-04 23:31:09', NULL),
(119, 'funcionario', 'UPDATE', 5, 'Nome: Sérgio Luiz da Silveira, Data Nascimento: 1980-09-11', 'Nome: Sérgio Luiz da Silveira, Data Nascimento: 1980-09-11', 'root@localhost', '2025-09-04 23:31:33', NULL),
(120, 'funcionario', 'UPDATE', 5, 'Nome: Sérgio Luiz da Silveira, Data Nascimento: 1980-09-11', 'Nome: Sérgio Luiz da Silveira, Data Nascimento: 1980-09-11', 'root@localhost', '2025-09-04 23:31:33', NULL),
(121, 'funcionario', 'UPDATE', 5, 'Nome: Sérgio Luiz da Silveira, Data Nascimento: 1980-09-11', 'Nome: Sérgio Luiz da Silveira, Data Nascimento: 1980-09-11', 'root@localhost', '2025-09-04 23:34:54', NULL),
(122, 'funcionario', 'UPDATE', 5, 'Nome: Sérgio Luiz da Silveira, Data Nascimento: 1980-09-11', 'Nome: Sérgio Luiz da Silveira, Data Nascimento: 1980-09-11', 'root@localhost', '2025-09-04 23:34:54', NULL),
(123, 'funcionario', 'UPDATE', 19, 'Nome: Marcos Paulo, Data Nascimento: 2007-12-25', 'Nome: Marcos Paulo, Data Nascimento: 2007-12-25', 'root@localhost', '2025-09-04 23:35:17', NULL),
(124, 'funcionario', 'UPDATE', 19, 'Nome: Marcos Paulo, Data Nascimento: 2007-12-25', 'Nome: Marcos Paulo, Data Nascimento: 2007-12-25', 'root@localhost', '2025-09-04 23:35:17', NULL),
(125, 'cliente', 'UPDATE', 12, 'Nome: Drake, CPF: 832.782.576-24, Email: drake@gmail.com', 'Nome: Drake, CPF: 832.782.576-24, Email: drake@gmail.com', 'root@localhost', '2025-09-04 23:36:43', NULL),
(126, 'cliente', 'UPDATE', 12, 'Nome: Drake, CPF: 832.782.576-24, Email: drake@gmail.com', 'Nome: Drake, CPF: 832.782.576-24, Email: drake@gmail.com', 'root@localhost', '2025-09-04 23:37:00', NULL),
(127, 'funcionario', 'UPDATE', 5, 'Nome: Sérgio Luiz da Silveira, Data Nascimento: 1980-09-11', 'Nome: Sérgio Luiz da Silveira, Data Nascimento: 1980-09-11', 'root@localhost', '2025-09-04 23:40:01', NULL),
(128, 'funcionario', 'UPDATE', 5, 'Nome: Sérgio Luiz da Silveira, Data Nascimento: 1980-09-11', 'Nome: Sérgio Luiz da Silveira, Data Nascimento: 1980-09-11', 'root@localhost', '2025-09-04 23:40:01', NULL),
(129, 'livro', 'UPDATE', 1, 'Título: Harry Potter', 'Título: Harry Potter', NULL, '2025-09-05 16:40:02', NULL),
(130, 'livro', 'UPDATE', 1, 'Título: Harry Potter', 'Título: Harry Potter', NULL, '2025-09-05 16:40:16', NULL),
(131, 'livro', 'UPDATE', 1, 'Título: Harry Potter', 'Título: Harry Potter', NULL, '2025-09-05 16:41:46', NULL),
(132, 'livro', 'UPDATE', 1, 'Título: Harry Potter', 'Título: Harry Potter', NULL, '2025-09-05 16:41:53', NULL),
(133, 'livro', 'UPDATE', 1, 'Título: Harry Potter', 'Título: Harry Potter', NULL, '2025-09-05 16:43:45', NULL),
(134, 'autor', 'INSERT', 20, NULL, 'Nome: Jenna Evans Welch, Telefone: (47) 98266-3527, Email: jennaevans@gmail.com', 'root@localhost', '2025-09-05 16:55:57', NULL),
(135, 'autor', 'INSERT', 21, NULL, 'Nome: J.K. Rowling, Telefone: (11) 99999-1234, Email: jkrowling@email.com', 'root@localhost', '2025-09-05 16:58:36', NULL),
(136, 'autor', 'INSERT', 22, NULL, 'Nome: George R.R. Martin, Telefone: (21) 98888-5678, Email: grrmartin@email.com', 'root@localhost', '2025-09-05 16:58:36', NULL),
(137, 'autor', 'INSERT', 23, NULL, 'Nome: Stephen King, Telefone: (31) 97777-4321, Email: sking@email.com', 'root@localhost', '2025-09-05 16:58:36', NULL),
(138, 'autor', 'INSERT', 24, NULL, 'Nome: Agatha Christie, Telefone: (41) 96666-9876, Email: achristie@email.com', 'root@localhost', '2025-09-05 16:58:36', NULL),
(139, 'autor', 'INSERT', 25, NULL, 'Nome: J.R.R. Tolkien, Telefone: (51) 95555-3456, Email: jrrtolkien@email.com', 'root@localhost', '2025-09-05 16:58:36', NULL),
(140, 'autor', 'INSERT', 26, NULL, 'Nome: Dan Brown, Telefone: (61) 94444-6789, Email: danbrown@email.com', 'root@localhost', '2025-09-05 16:58:36', NULL),
(141, 'autor', 'INSERT', 27, NULL, 'Nome: Paulo Coelho, Telefone: (71) 93333-1122, Email: pcoelho@email.com', 'root@localhost', '2025-09-05 16:58:36', NULL),
(142, 'autor', 'INSERT', 28, NULL, 'Nome: Isaac Asimov, Telefone: (81) 92222-3344, Email: iasimov@email.com', 'root@localhost', '2025-09-05 16:58:36', NULL),
(143, 'autor', 'INSERT', 29, NULL, 'Nome: Arthur Conan Doyle, Telefone: (91) 91111-5566, Email: acdoyle@email.com', 'root@localhost', '2025-09-05 16:58:36', NULL),
(144, 'autor', 'INSERT', 30, NULL, 'Nome: Harper Lee, Telefone: (21) 98888-8899, Email: hlee@email.com', 'root@localhost', '2025-09-05 16:58:36', NULL),
(145, 'autor', 'INSERT', 31, NULL, 'Nome: Ernest Hemingway, Telefone: (31) 97777-9900, Email: ehemingway@email.com', 'root@localhost', '2025-09-05 16:58:36', NULL),
(146, 'autor', 'INSERT', 32, NULL, 'Nome: Gabriel García Márquez, Telefone: (41) 96666-0011, Email: ggmarquez@email.com', 'root@localhost', '2025-09-05 16:58:36', NULL),
(147, 'autor', 'INSERT', 33, NULL, 'Nome: Clarice Lispector, Telefone: (51) 95555-2233, Email: clispector@email.com', 'root@localhost', '2025-09-05 16:58:36', NULL),
(148, 'autor', 'INSERT', 34, NULL, 'Nome: Machado de Assis, Telefone: (61) 94444-3344, Email: machado@email.com', 'root@localhost', '2025-09-05 16:58:36', NULL),
(149, 'autor', 'UPDATE', 34, 'Nome: Machado de Assis, Telefone: (61) 94444-3344, Email: machado@email.com', 'Nome: Machado de Assis, Telefone: (61) 94444-3344, Email: machado@email.com', 'root@localhost', '2025-09-05 17:02:36', NULL),
(150, 'autor', 'UPDATE', 25, 'Nome: J.R.R. Tolkien, Telefone: (51) 95555-3456, Email: jrrtolkien@email.com', 'Nome: J.R.R. Tolkien, Telefone: (51) 95555-3456, Email: jrrtolkien@email.com', 'root@localhost', '2025-09-05 17:02:48', NULL),
(151, 'autor', 'UPDATE', 28, 'Nome: Isaac Asimov, Telefone: (81) 92222-3344, Email: iasimov@email.com', 'Nome: Isaac Asimov, Telefone: (81) 92222-3344, Email: iasimov@email.com', 'root@localhost', '2025-09-05 17:02:58', NULL),
(152, 'livro', 'INSERT', 8, NULL, 'Título: AAAAAAAAAAAAAAAAA', NULL, '2025-09-05 17:14:56', NULL),
(153, 'livro', 'DELETE', 8, 'Título: AAAAAAAAAAAAAAAAA', NULL, NULL, '2025-09-05 17:15:15', NULL),
(154, 'livro', 'DELETE', 1, 'Título: Harry Potter', NULL, NULL, '2025-09-05 17:24:03', NULL),
(155, 'livro', 'INSERT', 12, NULL, 'Título: Harry Potter e a Pedra Filosofal', NULL, '2025-09-05 17:25:07', NULL),
(156, 'livro', 'INSERT', 13, NULL, 'Título: AAAAAAAAAAA', NULL, '2025-09-05 18:00:19', NULL),
(157, 'livro', 'DELETE', 13, 'Título: AAAAAAAAAAA', NULL, NULL, '2025-09-05 18:00:27', NULL),
(158, 'livro', 'INSERT', 14, NULL, 'Título: Amor & Gelato', NULL, '2025-09-05 19:38:34', NULL),
(159, 'livro', 'INSERT', 15, NULL, 'Título: It a Coisa', NULL, '2025-09-05 19:45:48', NULL),
(160, 'livro', 'INSERT', 16, NULL, 'Título: O Código da Vinci', NULL, '2025-09-05 20:04:43', NULL),
(161, 'autor', 'UPDATE', 34, 'Nome: Machado de Assis, Telefone: (61) 94444-3344, Email: machado@email.com', 'Nome: Machado de Assis, Telefone: (61) 94441-3344, Email: machado@email.com', 'root@localhost', '2025-09-08 17:31:50', NULL),
(162, 'autor', 'UPDATE', 34, 'Nome: Machado de Assis, Telefone: (61) 94441-3344, Email: machado@email.com', 'Nome: Machado de Assis, Telefone: (61) 98441-3344, Email: machado@email.com', 'root@localhost', '2025-09-08 17:33:29', NULL),
(163, 'emprestimo', 'INSERT', 4, NULL, 'Cliente: 8, Livro: 15, Data: 2025-09-08', 'root@localhost', '2025-09-08 17:34:27', NULL),
(164, 'livro', 'UPDATE', 15, 'Título: It a Coisa', 'Título: It a Coisa', NULL, '2025-09-08 17:34:27', NULL),
(165, 'livro', 'UPDATE', 15, 'Título: It a Coisa', 'Título: It a Coisa', NULL, '2025-09-08 17:36:51', NULL),
(166, 'emprestimo', 'UPDATE', 4, 'Cliente: 8, Livro: 15, Data: 2025-09-08', 'Cliente: 8, Livro: 15, Data: 2025-09-08', 'root@localhost', '2025-09-08 17:36:51', NULL),
(167, 'emprestimo', 'INSERT', 5, NULL, 'Cliente: 9, Livro: 14, Data: 2025-09-08', 'root@localhost', '2025-09-08 17:41:11', NULL),
(168, 'livro', 'UPDATE', 14, 'Título: Amor & Gelato', 'Título: Amor & Gelato', NULL, '2025-09-08 17:41:11', NULL),
(169, 'livro', 'INSERT', 17, NULL, 'Título: Jogos Vorazes I', NULL, '2025-09-09 17:30:06', NULL),
(170, 'livro', 'INSERT', 18, NULL, 'Título: Fogo & Sangue I', NULL, '2025-09-09 17:37:44', NULL),
(171, 'livro', 'INSERT', 19, NULL, 'Título: Fogo & Sangue I', NULL, '2025-09-09 17:39:31', NULL),
(172, 'livro', 'DELETE', 19, 'Título: Fogo & Sangue I', NULL, NULL, '2025-09-09 17:39:41', NULL),
(173, 'livro', 'INSERT', 20, NULL, 'Título: O Hobbit', NULL, '2025-09-09 17:48:51', NULL),
(174, 'livro', 'INSERT', 21, NULL, 'Título: Brida ', NULL, '2025-09-09 17:51:33', NULL),
(175, 'livro', 'INSERT', 22, NULL, 'Título: O Fim da Eternidade', NULL, '2025-09-09 17:56:03', NULL),
(176, 'livro', 'INSERT', 23, NULL, 'Título: Dom Casmurro ', NULL, '2025-09-09 18:03:56', NULL),
(177, 'livro', 'UPDATE', 21, 'Título: Brida ', 'Título: Brida', NULL, '2025-09-09 18:04:56', NULL),
(178, 'emprestimo', 'UPDATE', 5, 'Cliente: 9, Livro: 14, Data: 2025-09-08', 'Cliente: 9, Livro: 14, Data: 2025-09-08', 'root@localhost', '2025-09-09 18:14:57', NULL),
(179, 'emprestimo', 'UPDATE', 5, 'Cliente: 9, Livro: 14, Data: 2025-09-08', 'Cliente: 9, Livro: 14, Data: 2025-09-08', 'root@localhost', '2025-09-09 18:14:59', NULL),
(180, 'livro', 'UPDATE', 14, 'Título: Amor & Gelato', 'Título: Amor & Gelato', NULL, '2025-09-09 18:15:06', NULL),
(181, 'emprestimo', 'UPDATE', 5, 'Cliente: 9, Livro: 14, Data: 2025-09-08', 'Cliente: 9, Livro: 14, Data: 2025-09-08', 'root@localhost', '2025-09-09 18:15:06', NULL),
(182, 'emprestimo', 'INSERT', 6, NULL, 'Cliente: 10, Livro: 20, Data: 2025-09-09', 'root@localhost', '2025-09-09 18:27:50', NULL),
(183, 'livro', 'UPDATE', 20, 'Título: O Hobbit', 'Título: O Hobbit', NULL, '2025-09-09 18:27:50', NULL),
(184, 'emprestimo', 'INSERT', 7, NULL, 'Cliente: 13, Livro: 14, Data: 2025-09-09', 'root@localhost', '2025-09-09 18:28:26', NULL),
(185, 'livro', 'UPDATE', 14, 'Título: Amor & Gelato', 'Título: Amor & Gelato', NULL, '2025-09-09 18:28:26', NULL),
(186, 'emprestimo', 'INSERT', 8, NULL, 'Cliente: 12, Livro: 23, Data: 2025-09-01', 'root@localhost', '2025-09-09 18:35:39', NULL),
(187, 'livro', 'UPDATE', 23, 'Título: Dom Casmurro ', 'Título: Dom Casmurro ', NULL, '2025-09-09 18:36:00', NULL),
(188, 'emprestimo', 'UPDATE', 8, 'Cliente: 12, Livro: 23, Data: 2025-09-01', 'Cliente: 12, Livro: 23, Data: 2025-09-01', 'root@localhost', '2025-09-09 18:36:00', NULL),
(189, 'livro', 'INSERT', 24, NULL, 'Título: Horizontes #1 (20250915205348)', NULL, '2025-09-15 18:53:48', NULL),
(190, 'livro', 'INSERT', 25, NULL, 'Título: Ecos do Tempo #2 (20250915205348)', NULL, '2025-09-15 18:53:48', NULL),
(191, 'livro', 'INSERT', 26, NULL, 'Título: Caminhos #3 (20250915205348)', NULL, '2025-09-15 18:53:48', NULL),
(192, 'livro', 'INSERT', 27, NULL, 'Título: Aurora #4 (20250915205348)', NULL, '2025-09-15 18:53:48', NULL),
(193, 'livro', 'INSERT', 28, NULL, 'Título: Entardecer #5 (20250915205348)', NULL, '2025-09-15 18:53:48', NULL),
(194, 'livro', 'INSERT', 29, NULL, 'Título: Labirintos #6 (20250915205348)', NULL, '2025-09-15 18:53:48', NULL),
(195, 'livro', 'INSERT', 30, NULL, 'Título: Constelações #7 (20250915205348)', NULL, '2025-09-15 18:53:48', NULL),
(196, 'livro', 'INSERT', 31, NULL, 'Título: Mar Aberto #8 (20250915205348)', NULL, '2025-09-15 18:53:48', NULL),
(197, 'livro', 'INSERT', 32, NULL, 'Título: Raízes #9 (20250915205348)', NULL, '2025-09-15 18:53:48', NULL),
(198, 'livro', 'INSERT', 33, NULL, 'Título: Ponte Invisível #10 (20250915205348)', NULL, '2025-09-15 18:53:48', NULL),
(199, 'livro', 'INSERT', 34, NULL, 'Título: Códigos Secretos #11 (20250915205348)', NULL, '2025-09-15 18:53:48', NULL),
(200, 'livro', 'INSERT', 35, NULL, 'Título: Fragmentos #12 (20250915205348)', NULL, '2025-09-15 18:53:48', NULL),
(201, 'livro', 'INSERT', 36, NULL, 'Título: Sopro do Norte #13 (20250915205348)', NULL, '2025-09-15 18:53:48', NULL),
(202, 'livro', 'INSERT', 37, NULL, 'Título: Círculos #14 (20250915205348)', NULL, '2025-09-15 18:53:48', NULL),
(203, 'livro', 'INSERT', 38, NULL, 'Título: Vértices #15 (20250915205348)', NULL, '2025-09-15 18:53:48', NULL),
(204, 'livro', 'INSERT', 39, NULL, 'Título: Mundos Paralelos #16 (20250915205348)', NULL, '2025-09-15 18:53:48', NULL),
(205, 'livro', 'INSERT', 40, NULL, 'Título: Vozes Antigas #17 (20250915205348)', NULL, '2025-09-15 18:53:48', NULL),
(206, 'livro', 'INSERT', 41, NULL, 'Título: Ritmos #18 (20250915205348)', NULL, '2025-09-15 18:53:48', NULL),
(207, 'livro', 'INSERT', 42, NULL, 'Título: Noturno #19 (20250915205348)', NULL, '2025-09-15 18:53:48', NULL),
(208, 'livro', 'INSERT', 43, NULL, 'Título: Amanhecer #20 (20250915205348)', NULL, '2025-09-15 18:53:48', NULL),
(209, 'livro', 'INSERT', 44, NULL, 'Título: Riacho Silencioso #21 (20250915205348)', NULL, '2025-09-15 18:53:48', NULL),
(210, 'livro', 'INSERT', 45, NULL, 'Título: Mapa Antigo #22 (20250915205348)', NULL, '2025-09-15 18:53:48', NULL),
(211, 'livro', 'INSERT', 46, NULL, 'Título: Jardins de Inverno #23 (20250915205348)', NULL, '2025-09-15 18:53:48', NULL),
(212, 'livro', 'INSERT', 47, NULL, 'Título: Luz e Sombra #24 (20250915205348)', NULL, '2025-09-15 18:53:48', NULL),
(213, 'livro', 'INSERT', 48, NULL, 'Título: Portas do Vento #25 (20250915205348)', NULL, '2025-09-15 18:53:48', NULL),
(214, 'livro', 'INSERT', 49, NULL, 'Título: Horizontes #26 (20250915205348)', NULL, '2025-09-15 18:53:48', NULL),
(215, 'livro', 'INSERT', 50, NULL, 'Título: Ecos do Tempo #27 (20250915205348)', NULL, '2025-09-15 18:53:48', NULL),
(216, 'livro', 'INSERT', 51, NULL, 'Título: Caminhos #28 (20250915205348)', NULL, '2025-09-15 18:53:48', NULL),
(217, 'livro', 'INSERT', 52, NULL, 'Título: Aurora #29 (20250915205348)', NULL, '2025-09-15 18:53:48', NULL),
(218, 'livro', 'INSERT', 53, NULL, 'Título: Entardecer #30 (20250915205348)', NULL, '2025-09-15 18:53:48', NULL),
(219, 'livro', 'INSERT', 54, NULL, 'Título: Labirintos #31 (20250915205348)', NULL, '2025-09-15 18:53:48', NULL),
(220, 'livro', 'INSERT', 55, NULL, 'Título: Constelações #32 (20250915205348)', NULL, '2025-09-15 18:53:48', NULL),
(221, 'livro', 'INSERT', 56, NULL, 'Título: Mar Aberto #33 (20250915205348)', NULL, '2025-09-15 18:53:48', NULL),
(222, 'livro', 'INSERT', 57, NULL, 'Título: Raízes #34 (20250915205348)', NULL, '2025-09-15 18:53:48', NULL),
(223, 'livro', 'INSERT', 58, NULL, 'Título: Ponte Invisível #35 (20250915205348)', NULL, '2025-09-15 18:53:48', NULL),
(224, 'livro', 'INSERT', 59, NULL, 'Título: Códigos Secretos #36 (20250915205348)', NULL, '2025-09-15 18:53:48', NULL),
(225, 'livro', 'INSERT', 60, NULL, 'Título: Fragmentos #37 (20250915205348)', NULL, '2025-09-15 18:53:48', NULL),
(226, 'livro', 'INSERT', 61, NULL, 'Título: Sopro do Norte #38 (20250915205348)', NULL, '2025-09-15 18:53:48', NULL),
(227, 'livro', 'INSERT', 62, NULL, 'Título: Círculos #39 (20250915205348)', NULL, '2025-09-15 18:53:48', NULL),
(228, 'livro', 'INSERT', 63, NULL, 'Título: Vértices #40 (20250915205348)', NULL, '2025-09-15 18:53:48', NULL),
(229, 'livro', 'INSERT', 64, NULL, 'Título: Mundos Paralelos #41 (20250915205348)', NULL, '2025-09-15 18:53:48', NULL),
(230, 'livro', 'INSERT', 65, NULL, 'Título: Vozes Antigas #42 (20250915205348)', NULL, '2025-09-15 18:53:48', NULL),
(231, 'livro', 'INSERT', 66, NULL, 'Título: Ritmos #43 (20250915205348)', NULL, '2025-09-15 18:53:49', NULL),
(232, 'livro', 'INSERT', 67, NULL, 'Título: Noturno #44 (20250915205349)', NULL, '2025-09-15 18:53:49', NULL),
(233, 'livro', 'INSERT', 68, NULL, 'Título: Amanhecer #45 (20250915205349)', NULL, '2025-09-15 18:53:49', NULL),
(234, 'livro', 'INSERT', 69, NULL, 'Título: Riacho Silencioso #46 (20250915205349)', NULL, '2025-09-15 18:53:49', NULL),
(235, 'livro', 'INSERT', 70, NULL, 'Título: Mapa Antigo #47 (20250915205349)', NULL, '2025-09-15 18:53:49', NULL),
(236, 'livro', 'INSERT', 71, NULL, 'Título: Jardins de Inverno #48 (20250915205349)', NULL, '2025-09-15 18:53:49', NULL),
(237, 'livro', 'INSERT', 72, NULL, 'Título: Luz e Sombra #49 (20250915205349)', NULL, '2025-09-15 18:53:49', NULL),
(238, 'livro', 'INSERT', 73, NULL, 'Título: Portas do Vento #50 (20250915205349)', NULL, '2025-09-15 18:53:49', NULL),
(239, 'livro', 'INSERT', 74, NULL, 'Título: Horizontes Volume A', NULL, '2025-09-15 18:56:10', NULL),
(240, 'livro', 'INSERT', 75, NULL, 'Título: Ecos do Tempo Volume B', NULL, '2025-09-15 18:56:10', NULL),
(241, 'livro', 'INSERT', 76, NULL, 'Título: Caminhos Volume C', NULL, '2025-09-15 18:56:10', NULL),
(242, 'livro', 'INSERT', 77, NULL, 'Título: Aurora Volume D', NULL, '2025-09-15 18:56:10', NULL),
(243, 'livro', 'INSERT', 78, NULL, 'Título: Entardecer Volume E', NULL, '2025-09-15 18:56:10', NULL),
(244, 'livro', 'INSERT', 79, NULL, 'Título: Labirintos Volume F', NULL, '2025-09-15 18:56:10', NULL),
(245, 'livro', 'INSERT', 80, NULL, 'Título: Constelações Volume G', NULL, '2025-09-15 18:56:10', NULL),
(246, 'livro', 'INSERT', 81, NULL, 'Título: Mar Aberto Volume H', NULL, '2025-09-15 18:56:10', NULL),
(247, 'livro', 'INSERT', 82, NULL, 'Título: Raízes Volume I', NULL, '2025-09-15 18:56:10', NULL),
(248, 'livro', 'INSERT', 83, NULL, 'Título: Ponte Invisível Volume J', NULL, '2025-09-15 18:56:10', NULL),
(249, 'livro', 'INSERT', 84, NULL, 'Título: Códigos Secretos Volume K', NULL, '2025-09-15 18:56:10', NULL),
(250, 'livro', 'INSERT', 85, NULL, 'Título: Fragmentos Volume L', NULL, '2025-09-15 18:56:10', NULL),
(251, 'livro', 'INSERT', 86, NULL, 'Título: Sopro do Norte Volume M', NULL, '2025-09-15 18:56:10', NULL),
(252, 'livro', 'INSERT', 87, NULL, 'Título: Círculos Volume N', NULL, '2025-09-15 18:56:10', NULL),
(253, 'livro', 'INSERT', 88, NULL, 'Título: Vértices Volume O', NULL, '2025-09-15 18:56:10', NULL),
(254, 'livro', 'INSERT', 89, NULL, 'Título: Mundos Paralelos Volume P', NULL, '2025-09-15 18:56:10', NULL),
(255, 'livro', 'INSERT', 90, NULL, 'Título: Vozes Antigas Volume Q', NULL, '2025-09-15 18:56:10', NULL),
(256, 'livro', 'INSERT', 91, NULL, 'Título: Ritmos Volume R', NULL, '2025-09-15 18:56:10', NULL),
(257, 'livro', 'INSERT', 92, NULL, 'Título: Noturno Volume S', NULL, '2025-09-15 18:56:10', NULL),
(258, 'livro', 'INSERT', 93, NULL, 'Título: Amanhecer Volume T', NULL, '2025-09-15 18:56:10', NULL),
(259, 'livro', 'INSERT', 94, NULL, 'Título: Riacho Silencioso Volume U', NULL, '2025-09-15 18:56:10', NULL),
(260, 'livro', 'INSERT', 95, NULL, 'Título: Mapa Antigo Volume V', NULL, '2025-09-15 18:56:10', NULL),
(261, 'livro', 'INSERT', 96, NULL, 'Título: Jardins de Inverno Volume W', NULL, '2025-09-15 18:56:10', NULL),
(262, 'livro', 'INSERT', 97, NULL, 'Título: Luz e Sombra Volume X', NULL, '2025-09-15 18:56:10', NULL),
(263, 'livro', 'INSERT', 98, NULL, 'Título: Portas do Vento Volume Y', NULL, '2025-09-15 18:56:10', NULL),
(264, 'livro', 'INSERT', 99, NULL, 'Título: Horizontes Volume Z', NULL, '2025-09-15 18:56:10', NULL),
(265, 'livro', 'INSERT', 100, NULL, 'Título: Ecos do Tempo Volume A Edição Especial', NULL, '2025-09-15 18:56:10', NULL),
(266, 'livro', 'INSERT', 101, NULL, 'Título: Caminhos Volume B Edição Especial', NULL, '2025-09-15 18:56:10', NULL),
(267, 'livro', 'INSERT', 102, NULL, 'Título: Aurora Volume C Edição Especial', NULL, '2025-09-15 18:56:10', NULL),
(268, 'livro', 'INSERT', 103, NULL, 'Título: Entardecer Volume D Edição Especial', NULL, '2025-09-15 18:56:10', NULL),
(269, 'livro', 'INSERT', 104, NULL, 'Título: Labirintos Volume E Edição Especial', NULL, '2025-09-15 18:56:10', NULL),
(270, 'livro', 'INSERT', 105, NULL, 'Título: Constelações Volume F Edição Especial', NULL, '2025-09-15 18:56:10', NULL),
(271, 'livro', 'INSERT', 106, NULL, 'Título: Mar Aberto Volume G Edição Especial', NULL, '2025-09-15 18:56:10', NULL),
(272, 'livro', 'INSERT', 107, NULL, 'Título: Raízes Volume H Edição Especial', NULL, '2025-09-15 18:56:10', NULL),
(273, 'livro', 'INSERT', 108, NULL, 'Título: Ponte Invisível Volume I Edição Especial', NULL, '2025-09-15 18:56:10', NULL),
(274, 'livro', 'INSERT', 109, NULL, 'Título: Códigos Secretos Volume J Edição Especial', NULL, '2025-09-15 18:56:10', NULL),
(275, 'livro', 'INSERT', 110, NULL, 'Título: Fragmentos Volume K Edição Especial', NULL, '2025-09-15 18:56:10', NULL),
(276, 'livro', 'INSERT', 111, NULL, 'Título: Sopro do Norte Volume L Edição Especial', NULL, '2025-09-15 18:56:10', NULL),
(277, 'livro', 'INSERT', 112, NULL, 'Título: Círculos Volume M Edição Especial', NULL, '2025-09-15 18:56:10', NULL),
(278, 'livro', 'INSERT', 113, NULL, 'Título: Vértices Volume N Edição Especial', NULL, '2025-09-15 18:56:10', NULL),
(279, 'livro', 'INSERT', 114, NULL, 'Título: Mundos Paralelos Volume O Edição Especial', NULL, '2025-09-15 18:56:10', NULL),
(280, 'livro', 'INSERT', 115, NULL, 'Título: Vozes Antigas Volume P Edição Especial', NULL, '2025-09-15 18:56:10', NULL),
(281, 'livro', 'INSERT', 116, NULL, 'Título: Ritmos Volume Q Edição Especial', NULL, '2025-09-15 18:56:10', NULL),
(282, 'livro', 'INSERT', 117, NULL, 'Título: Noturno Volume R Edição Especial', NULL, '2025-09-15 18:56:10', NULL),
(283, 'livro', 'INSERT', 118, NULL, 'Título: Amanhecer Volume S Edição Especial', NULL, '2025-09-15 18:56:10', NULL),
(284, 'livro', 'INSERT', 119, NULL, 'Título: Riacho Silencioso Volume T Edição Especial', NULL, '2025-09-15 18:56:10', NULL),
(285, 'livro', 'INSERT', 120, NULL, 'Título: Mapa Antigo Volume U Edição Especial', NULL, '2025-09-15 18:56:10', NULL),
(286, 'livro', 'INSERT', 121, NULL, 'Título: Jardins de Inverno Volume V Edição Especial', NULL, '2025-09-15 18:56:10', NULL),
(287, 'livro', 'INSERT', 122, NULL, 'Título: Luz e Sombra Volume W Edição Especial', NULL, '2025-09-15 18:56:10', NULL),
(288, 'livro', 'INSERT', 123, NULL, 'Título: Portas do Vento Volume X Edição Especial', NULL, '2025-09-15 18:56:10', NULL),
(289, 'livro', 'INSERT', 1, NULL, 'Título: Horizontes Distantes', NULL, '2025-09-15 19:01:05', NULL),
(290, 'livro', 'INSERT', 2, NULL, 'Título: Ecos do Tempo', NULL, '2025-09-15 19:01:05', NULL),
(291, 'livro', 'INSERT', 3, NULL, 'Título: Caminhos Cruzados', NULL, '2025-09-15 19:01:05', NULL),
(292, 'livro', 'INSERT', 4, NULL, 'Título: Aurora Silenciosa', NULL, '2025-09-15 19:01:05', NULL),
(293, 'livro', 'INSERT', 5, NULL, 'Título: Entardecer no Vale', NULL, '2025-09-15 19:01:05', NULL),
(294, 'livro', 'INSERT', 6, NULL, 'Título: Labirintos da Alma', NULL, '2025-09-15 19:01:05', NULL),
(295, 'livro', 'INSERT', 7, NULL, 'Título: Constelações Perdidas', NULL, '2025-09-15 19:01:05', NULL),
(296, 'livro', 'INSERT', 8, NULL, 'Título: Mar Aberto', NULL, '2025-09-15 19:01:05', NULL),
(297, 'livro', 'INSERT', 9, NULL, 'Título: Raízes Profundas', NULL, '2025-09-15 19:01:05', NULL),
(298, 'livro', 'INSERT', 10, NULL, 'Título: A Ponte Invisível', NULL, '2025-09-15 19:01:05', NULL),
(299, 'livro', 'INSERT', 11, NULL, 'Título: Códigos Secretos', NULL, '2025-09-15 19:01:05', NULL),
(300, 'livro', 'INSERT', 12, NULL, 'Título: Fragmentos de Memória', NULL, '2025-09-15 19:01:05', NULL),
(301, 'livro', 'INSERT', 13, NULL, 'Título: Sopro do Norte', NULL, '2025-09-15 19:01:05', NULL),
(302, 'livro', 'INSERT', 14, NULL, 'Título: Círculos Inacabados', NULL, '2025-09-15 19:01:05', NULL),
(303, 'livro', 'INSERT', 15, NULL, 'Título: Vértices do Destino', NULL, '2025-09-15 19:01:05', NULL),
(304, 'livro', 'INSERT', 16, NULL, 'Título: Mundos Paralelos', NULL, '2025-09-15 19:01:05', NULL),
(305, 'livro', 'INSERT', 17, NULL, 'Título: Vozes Antigas', NULL, '2025-09-15 19:01:05', NULL),
(306, 'livro', 'INSERT', 18, NULL, 'Título: Ritmos do Vento', NULL, '2025-09-15 19:01:05', NULL),
(307, 'livro', 'INSERT', 19, NULL, 'Título: Noturno Azul', NULL, '2025-09-15 19:01:05', NULL),
(308, 'livro', 'INSERT', 20, NULL, 'Título: Amanhecer Dourado', NULL, '2025-09-15 19:01:05', NULL),
(309, 'livro', 'INSERT', 21, NULL, 'Título: Riacho Silencioso', NULL, '2025-09-15 19:01:05', NULL),
(310, 'livro', 'INSERT', 22, NULL, 'Título: O Mapa Antigo', NULL, '2025-09-15 19:01:05', NULL),
(311, 'livro', 'INSERT', 23, NULL, 'Título: Jardins de Inverno', NULL, '2025-09-15 19:01:05', NULL),
(312, 'livro', 'INSERT', 24, NULL, 'Título: Luz e Sombra', NULL, '2025-09-15 19:01:05', NULL),
(313, 'livro', 'INSERT', 25, NULL, 'Título: Portas do Vento', NULL, '2025-09-15 19:01:05', NULL),
(314, 'livro', 'INSERT', 26, NULL, 'Título: O Guardião do Farol', NULL, '2025-09-15 19:01:05', NULL),
(315, 'livro', 'INSERT', 27, NULL, 'Título: Estação Final', NULL, '2025-09-15 19:01:05', NULL),
(316, 'livro', 'INSERT', 28, NULL, 'Título: Caminho de Volta', NULL, '2025-09-15 19:01:05', NULL),
(317, 'livro', 'INSERT', 29, NULL, 'Título: Pétalas ao Chão', NULL, '2025-09-15 19:01:05', NULL),
(318, 'livro', 'INSERT', 30, NULL, 'Título: No Coração da Floresta', NULL, '2025-09-15 19:01:05', NULL),
(319, 'livro', 'INSERT', 31, NULL, 'Título: Céu de Outono', NULL, '2025-09-15 19:01:05', NULL),
(320, 'livro', 'INSERT', 32, NULL, 'Título: A Casa ao Lado', NULL, '2025-09-15 19:01:05', NULL),
(321, 'livro', 'INSERT', 33, NULL, 'Título: Um Lugar no Mundo', NULL, '2025-09-15 19:01:05', NULL),
(322, 'livro', 'INSERT', 34, NULL, 'Título: O Eco e a Montanha', NULL, '2025-09-15 19:01:05', NULL),
(323, 'livro', 'INSERT', 35, NULL, 'Título: Velas ao Leste', NULL, '2025-09-15 19:01:05', NULL),
(324, 'livro', 'INSERT', 36, NULL, 'Título: Rosa dos Ventos', NULL, '2025-09-15 19:01:05', NULL),
(325, 'livro', 'INSERT', 37, NULL, 'Título: Canções de Areia', NULL, '2025-09-15 19:01:05', NULL),
(326, 'livro', 'INSERT', 38, NULL, 'Título: O Livro das Marés', NULL, '2025-09-15 19:01:05', NULL),
(327, 'livro', 'INSERT', 39, NULL, 'Título: Viagem ao Centro do Dia', NULL, '2025-09-15 19:01:05', NULL),
(328, 'livro', 'INSERT', 40, NULL, 'Título: Passos na Neve', NULL, '2025-09-15 19:01:05', NULL),
(329, 'livro', 'INSERT', 41, NULL, 'Título: Silêncio das Rochas', NULL, '2025-09-15 19:01:05', NULL),
(330, 'livro', 'INSERT', 42, NULL, 'Título: Entre Dois Rios', NULL, '2025-09-15 19:01:05', NULL),
(331, 'livro', 'INSERT', 43, NULL, 'Título: O Sinal da Colina', NULL, '2025-09-15 19:01:05', NULL),
(332, 'livro', 'INSERT', 44, NULL, 'Título: Brisa de Abril', NULL, '2025-09-15 19:01:05', NULL),
(333, 'livro', 'INSERT', 45, NULL, 'Título: A Última Estrada', NULL, '2025-09-15 19:01:05', NULL),
(334, 'livro', 'INSERT', 46, NULL, 'Título: As Quatro Estações', NULL, '2025-09-15 19:01:05', NULL),
(335, 'livro', 'INSERT', 47, NULL, 'Título: Pássaros de Fogo', NULL, '2025-09-15 19:01:05', NULL),
(336, 'livro', 'INSERT', 48, NULL, 'Título: A Torre e o Mar', NULL, '2025-09-15 19:01:05', NULL),
(337, 'livro', 'INSERT', 49, NULL, 'Título: Rastros na Terra', NULL, '2025-09-15 19:01:05', NULL),
(338, 'livro', 'INSERT', 50, NULL, 'Título: Vento sobre a Planície', NULL, '2025-09-15 19:01:05', NULL),
(339, 'livro', 'INSERT', 1, NULL, 'Título: Horizontes Distantes', NULL, '2025-09-15 19:01:08', NULL),
(340, 'livro', 'INSERT', 2, NULL, 'Título: Ecos do Tempo', NULL, '2025-09-15 19:01:08', NULL),
(341, 'livro', 'INSERT', 3, NULL, 'Título: Caminhos Cruzados', NULL, '2025-09-15 19:01:08', NULL),
(342, 'livro', 'INSERT', 4, NULL, 'Título: Aurora Silenciosa', NULL, '2025-09-15 19:01:08', NULL),
(343, 'livro', 'INSERT', 5, NULL, 'Título: Entardecer no Vale', NULL, '2025-09-15 19:01:08', NULL),
(344, 'livro', 'INSERT', 6, NULL, 'Título: Labirintos da Alma', NULL, '2025-09-15 19:01:08', NULL),
(345, 'livro', 'INSERT', 7, NULL, 'Título: Constelações Perdidas', NULL, '2025-09-15 19:01:08', NULL),
(346, 'livro', 'INSERT', 8, NULL, 'Título: Mar Aberto', NULL, '2025-09-15 19:01:08', NULL),
(347, 'livro', 'INSERT', 9, NULL, 'Título: Raízes Profundas', NULL, '2025-09-15 19:01:08', NULL),
(348, 'livro', 'INSERT', 10, NULL, 'Título: A Ponte Invisível', NULL, '2025-09-15 19:01:08', NULL),
(349, 'livro', 'INSERT', 11, NULL, 'Título: Códigos Secretos', NULL, '2025-09-15 19:01:08', NULL),
(350, 'livro', 'INSERT', 12, NULL, 'Título: Fragmentos de Memória', NULL, '2025-09-15 19:01:08', NULL),
(351, 'livro', 'INSERT', 13, NULL, 'Título: Sopro do Norte', NULL, '2025-09-15 19:01:08', NULL),
(352, 'livro', 'INSERT', 14, NULL, 'Título: Círculos Inacabados', NULL, '2025-09-15 19:01:08', NULL),
(353, 'livro', 'INSERT', 15, NULL, 'Título: Vértices do Destino', NULL, '2025-09-15 19:01:08', NULL),
(354, 'livro', 'INSERT', 16, NULL, 'Título: Mundos Paralelos', NULL, '2025-09-15 19:01:08', NULL),
(355, 'livro', 'INSERT', 17, NULL, 'Título: Vozes Antigas', NULL, '2025-09-15 19:01:08', NULL),
(356, 'livro', 'INSERT', 18, NULL, 'Título: Ritmos do Vento', NULL, '2025-09-15 19:01:08', NULL),
(357, 'livro', 'INSERT', 19, NULL, 'Título: Noturno Azul', NULL, '2025-09-15 19:01:08', NULL),
(358, 'livro', 'INSERT', 20, NULL, 'Título: Amanhecer Dourado', NULL, '2025-09-15 19:01:08', NULL),
(359, 'livro', 'INSERT', 21, NULL, 'Título: Riacho Silencioso', NULL, '2025-09-15 19:01:08', NULL),
(360, 'livro', 'INSERT', 22, NULL, 'Título: O Mapa Antigo', NULL, '2025-09-15 19:01:08', NULL),
(361, 'livro', 'INSERT', 23, NULL, 'Título: Jardins de Inverno', NULL, '2025-09-15 19:01:08', NULL),
(362, 'livro', 'INSERT', 24, NULL, 'Título: Luz e Sombra', NULL, '2025-09-15 19:01:08', NULL),
(363, 'livro', 'INSERT', 25, NULL, 'Título: Portas do Vento', NULL, '2025-09-15 19:01:08', NULL),
(364, 'livro', 'INSERT', 26, NULL, 'Título: O Guardião do Farol', NULL, '2025-09-15 19:01:08', NULL),
(365, 'livro', 'INSERT', 27, NULL, 'Título: Estação Final', NULL, '2025-09-15 19:01:08', NULL),
(366, 'livro', 'INSERT', 28, NULL, 'Título: Caminho de Volta', NULL, '2025-09-15 19:01:08', NULL),
(367, 'livro', 'INSERT', 29, NULL, 'Título: Pétalas ao Chão', NULL, '2025-09-15 19:01:08', NULL),
(368, 'livro', 'INSERT', 30, NULL, 'Título: No Coração da Floresta', NULL, '2025-09-15 19:01:08', NULL),
(369, 'livro', 'INSERT', 31, NULL, 'Título: Céu de Outono', NULL, '2025-09-15 19:01:08', NULL),
(370, 'livro', 'INSERT', 32, NULL, 'Título: A Casa ao Lado', NULL, '2025-09-15 19:01:08', NULL),
(371, 'livro', 'INSERT', 33, NULL, 'Título: Um Lugar no Mundo', NULL, '2025-09-15 19:01:08', NULL),
(372, 'livro', 'INSERT', 34, NULL, 'Título: O Eco e a Montanha', NULL, '2025-09-15 19:01:08', NULL),
(373, 'livro', 'INSERT', 35, NULL, 'Título: Velas ao Leste', NULL, '2025-09-15 19:01:08', NULL),
(374, 'livro', 'INSERT', 36, NULL, 'Título: Rosa dos Ventos', NULL, '2025-09-15 19:01:08', NULL),
(375, 'livro', 'INSERT', 37, NULL, 'Título: Canções de Areia', NULL, '2025-09-15 19:01:08', NULL),
(376, 'livro', 'INSERT', 38, NULL, 'Título: O Livro das Marés', NULL, '2025-09-15 19:01:08', NULL),
(377, 'livro', 'INSERT', 39, NULL, 'Título: Viagem ao Centro do Dia', NULL, '2025-09-15 19:01:08', NULL),
(378, 'livro', 'INSERT', 40, NULL, 'Título: Passos na Neve', NULL, '2025-09-15 19:01:08', NULL),
(379, 'livro', 'INSERT', 41, NULL, 'Título: Silêncio das Rochas', NULL, '2025-09-15 19:01:08', NULL),
(380, 'livro', 'INSERT', 42, NULL, 'Título: Entre Dois Rios', NULL, '2025-09-15 19:01:08', NULL),
(381, 'livro', 'INSERT', 43, NULL, 'Título: O Sinal da Colina', NULL, '2025-09-15 19:01:08', NULL),
(382, 'livro', 'INSERT', 44, NULL, 'Título: Brisa de Abril', NULL, '2025-09-15 19:01:08', NULL),
(383, 'livro', 'INSERT', 45, NULL, 'Título: A Última Estrada', NULL, '2025-09-15 19:01:08', NULL),
(384, 'livro', 'INSERT', 46, NULL, 'Título: As Quatro Estações', NULL, '2025-09-15 19:01:08', NULL),
(385, 'livro', 'INSERT', 47, NULL, 'Título: Pássaros de Fogo', NULL, '2025-09-15 19:01:08', NULL),
(386, 'livro', 'INSERT', 48, NULL, 'Título: A Torre e o Mar', NULL, '2025-09-15 19:01:08', NULL),
(387, 'livro', 'INSERT', 49, NULL, 'Título: Rastros na Terra', NULL, '2025-09-15 19:01:08', NULL),
(388, 'livro', 'INSERT', 50, NULL, 'Título: Vento sobre a Planície', NULL, '2025-09-15 19:01:08', NULL),
(389, 'livro', 'INSERT', 51, NULL, 'Título: Caminhos do Horizonte', NULL, '2025-09-15 19:04:24', NULL),
(390, 'livro', 'INSERT', 52, NULL, 'Título: Marcas do Tempo', NULL, '2025-09-15 19:04:24', NULL),
(391, 'livro', 'INSERT', 53, NULL, 'Título: Sombras de Pedra', NULL, '2025-09-15 19:04:24', NULL),
(392, 'livro', 'INSERT', 54, NULL, 'Título: Rumo ao Norte', NULL, '2025-09-15 19:04:24', NULL),
(393, 'livro', 'INSERT', 55, NULL, 'Título: Pássaros no Inverno', NULL, '2025-09-15 19:04:24', NULL),
(394, 'livro', 'INSERT', 56, NULL, 'Título: Dança das Folhas', NULL, '2025-09-15 19:04:24', NULL),
(395, 'livro', 'INSERT', 57, NULL, 'Título: O Livro do Vento', NULL, '2025-09-15 19:04:24', NULL),
(396, 'livro', 'INSERT', 58, NULL, 'Título: Sussurros do Mar', NULL, '2025-09-15 19:04:24', NULL),
(397, 'livro', 'INSERT', 59, NULL, 'Título: Colheita de Estrelas', NULL, '2025-09-15 19:04:24', NULL),
(398, 'livro', 'INSERT', 60, NULL, 'Título: A Estrada de Casa', NULL, '2025-09-15 19:04:24', NULL),
(399, 'livro', 'INSERT', 61, NULL, 'Título: Entre Montanhas', NULL, '2025-09-15 19:04:24', NULL),
(400, 'livro', 'INSERT', 62, NULL, 'Título: Raio de Luar', NULL, '2025-09-15 19:04:24', NULL);
INSERT INTO `logs_auditoria` (`id`, `tabela`, `operacao`, `id_registro`, `dados_anteriores`, `dados_novos`, `usuario`, `data_operacao`, `ip_usuario`) VALUES
(401, 'livro', 'INSERT', 63, NULL, 'Título: A Janela e o Rio', NULL, '2025-09-15 19:04:24', NULL),
(402, 'livro', 'INSERT', 64, NULL, 'Título: Trilho Antigo', NULL, '2025-09-15 19:04:24', NULL),
(403, 'livro', 'INSERT', 65, NULL, 'Título: Cartas ao Amanhã', NULL, '2025-09-15 19:04:24', NULL),
(404, 'livro', 'INSERT', 66, NULL, 'Título: O Silvo do Trem', NULL, '2025-09-15 19:04:24', NULL),
(405, 'livro', 'INSERT', 67, NULL, 'Título: Castelos de Areia', NULL, '2025-09-15 19:04:24', NULL),
(406, 'livro', 'INSERT', 68, NULL, 'Título: A Ilha e a Ponte', NULL, '2025-09-15 19:04:24', NULL),
(407, 'livro', 'INSERT', 69, NULL, 'Título: O Poço da Memória', NULL, '2025-09-15 19:04:24', NULL),
(408, 'livro', 'INSERT', 70, NULL, 'Título: Flor de Campo', NULL, '2025-09-15 19:04:24', NULL),
(409, 'livro', 'INSERT', 71, NULL, 'Título: A Lâmpada Azul', NULL, '2025-09-15 19:04:24', NULL),
(410, 'livro', 'INSERT', 72, NULL, 'Título: Ladeira do Sul', NULL, '2025-09-15 19:04:24', NULL),
(411, 'livro', 'INSERT', 73, NULL, 'Título: O Velho Faroleiro', NULL, '2025-09-15 19:04:24', NULL),
(412, 'livro', 'INSERT', 74, NULL, 'Título: Caderno de Viagens', NULL, '2025-09-15 19:04:24', NULL),
(413, 'livro', 'INSERT', 75, NULL, 'Título: O Bosque Claro', NULL, '2025-09-15 19:04:24', NULL),
(414, 'livro', 'INSERT', 76, NULL, 'Título: Caminho da Serra', NULL, '2025-09-15 19:04:24', NULL),
(415, 'livro', 'INSERT', 77, NULL, 'Título: Sombra na Areia', NULL, '2025-09-15 19:04:24', NULL),
(416, 'livro', 'INSERT', 78, NULL, 'Título: Poeira de Estrelas', NULL, '2025-09-15 19:04:24', NULL),
(417, 'livro', 'INSERT', 79, NULL, 'Título: Chuva de Verão', NULL, '2025-09-15 19:04:24', NULL),
(418, 'livro', 'INSERT', 80, NULL, 'Título: A Porta do Norte', NULL, '2025-09-15 19:04:24', NULL),
(419, 'livro', 'INSERT', 81, NULL, 'Título: O Pescador e o Céu', NULL, '2025-09-15 19:04:24', NULL),
(420, 'livro', 'INSERT', 82, NULL, 'Título: Estrelas de Agosto', NULL, '2025-09-15 19:04:24', NULL),
(421, 'livro', 'INSERT', 83, NULL, 'Título: Relva Molhada', NULL, '2025-09-15 19:04:24', NULL),
(422, 'livro', 'INSERT', 84, NULL, 'Título: O Jardim do Lago', NULL, '2025-09-15 19:04:24', NULL),
(423, 'livro', 'INSERT', 85, NULL, 'Título: Tarde de Domingo', NULL, '2025-09-15 19:04:24', NULL),
(424, 'livro', 'INSERT', 86, NULL, 'Título: Luz na Colina', NULL, '2025-09-15 19:04:24', NULL),
(425, 'livro', 'INSERT', 87, NULL, 'Título: O Vale Escondido', NULL, '2025-09-15 19:04:24', NULL),
(426, 'livro', 'INSERT', 88, NULL, 'Título: Canto da Manhã', NULL, '2025-09-15 19:04:24', NULL),
(427, 'livro', 'INSERT', 89, NULL, 'Título: Maré Baixa', NULL, '2025-09-15 19:04:24', NULL),
(428, 'livro', 'INSERT', 90, NULL, 'Título: Rosa do Campo', NULL, '2025-09-15 19:04:24', NULL),
(429, 'livro', 'INSERT', 91, NULL, 'Título: Letras ao Vento', NULL, '2025-09-15 19:04:24', NULL),
(430, 'livro', 'INSERT', 92, NULL, 'Título: O Sítio do Leste', NULL, '2025-09-15 19:04:24', NULL),
(431, 'livro', 'INSERT', 93, NULL, 'Título: O Passo da Serra', NULL, '2025-09-15 19:04:24', NULL),
(432, 'livro', 'INSERT', 94, NULL, 'Título: Cascata de Luz', NULL, '2025-09-15 19:04:24', NULL),
(433, 'livro', 'INSERT', 95, NULL, 'Título: A Vila e o Rio', NULL, '2025-09-15 19:04:24', NULL),
(434, 'livro', 'INSERT', 96, NULL, 'Título: O Moinho Antigo', NULL, '2025-09-15 19:04:24', NULL),
(435, 'livro', 'INSERT', 97, NULL, 'Título: Casa de Madeira', NULL, '2025-09-15 19:04:24', NULL),
(436, 'livro', 'INSERT', 98, NULL, 'Título: Ponte sobre o Riacho', NULL, '2025-09-15 19:04:24', NULL),
(437, 'livro', 'INSERT', 99, NULL, 'Título: Caminho de Pedra', NULL, '2025-09-15 19:04:24', NULL),
(438, 'livro', 'INSERT', 100, NULL, 'Título: Fogueira de Outono', NULL, '2025-09-15 19:04:24', NULL),
(439, 'emprestimo', 'INSERT', 1, NULL, 'Cliente: 3, Livro: 1, Data: 2025-08-19', 'root@localhost', '2025-09-15 19:08:34', NULL),
(440, 'emprestimo', 'INSERT', 2, NULL, 'Cliente: 8, Livro: 2, Data: 2025-08-31', 'root@localhost', '2025-09-15 19:08:34', NULL),
(441, 'emprestimo', 'INSERT', 3, NULL, 'Cliente: 9, Livro: 3, Data: 2025-08-28', 'root@localhost', '2025-09-15 19:08:34', NULL),
(442, 'emprestimo', 'INSERT', 4, NULL, 'Cliente: 10, Livro: 4, Data: 2025-08-23', 'root@localhost', '2025-09-15 19:08:34', NULL),
(443, 'emprestimo', 'INSERT', 5, NULL, 'Cliente: 11, Livro: 5, Data: 2025-09-03', 'root@localhost', '2025-09-15 19:08:34', NULL),
(444, 'emprestimo', 'INSERT', 6, NULL, 'Cliente: 12, Livro: 6, Data: 2025-09-06', 'root@localhost', '2025-09-15 19:08:34', NULL),
(445, 'emprestimo', 'INSERT', 7, NULL, 'Cliente: 13, Livro: 7, Data: 2025-09-08', 'root@localhost', '2025-09-15 19:08:34', NULL),
(446, 'emprestimo', 'INSERT', 8, NULL, 'Cliente: 3, Livro: 8, Data: 2025-08-25', 'root@localhost', '2025-09-15 19:08:34', NULL),
(447, 'emprestimo', 'INSERT', 9, NULL, 'Cliente: 8, Livro: 9, Data: 2025-08-17', 'root@localhost', '2025-09-15 19:08:34', NULL),
(448, 'emprestimo', 'INSERT', 10, NULL, 'Cliente: 9, Livro: 10, Data: 2025-09-09', 'root@localhost', '2025-09-15 19:08:34', NULL),
(449, 'emprestimo', 'INSERT', 11, NULL, 'Cliente: 10, Livro: 11, Data: 2025-09-14', 'root@localhost', '2025-09-15 19:08:34', NULL),
(450, 'emprestimo', 'INSERT', 12, NULL, 'Cliente: 11, Livro: 12, Data: 2025-08-29', 'root@localhost', '2025-09-15 19:08:34', NULL),
(451, 'emprestimo', 'INSERT', 13, NULL, 'Cliente: 12, Livro: 13, Data: 2025-09-05', 'root@localhost', '2025-09-15 19:08:34', NULL),
(452, 'emprestimo', 'INSERT', 14, NULL, 'Cliente: 13, Livro: 14, Data: 2025-08-18', 'root@localhost', '2025-09-15 19:08:34', NULL),
(453, 'emprestimo', 'INSERT', 15, NULL, 'Cliente: 3, Livro: 15, Data: 2025-09-08', 'root@localhost', '2025-09-15 19:08:34', NULL),
(454, 'emprestimo', 'INSERT', 16, NULL, 'Cliente: 8, Livro: 16, Data: 2025-09-14', 'root@localhost', '2025-09-15 19:08:34', NULL),
(455, 'emprestimo', 'INSERT', 17, NULL, 'Cliente: 9, Livro: 17, Data: 2025-09-07', 'root@localhost', '2025-09-15 19:08:34', NULL),
(456, 'emprestimo', 'INSERT', 18, NULL, 'Cliente: 10, Livro: 18, Data: 2025-08-19', 'root@localhost', '2025-09-15 19:08:34', NULL),
(457, 'emprestimo', 'INSERT', 19, NULL, 'Cliente: 11, Livro: 19, Data: 2025-08-30', 'root@localhost', '2025-09-15 19:08:34', NULL),
(458, 'emprestimo', 'INSERT', 20, NULL, 'Cliente: 12, Livro: 20, Data: 2025-08-26', 'root@localhost', '2025-09-15 19:08:34', NULL),
(459, 'emprestimo', 'INSERT', 21, NULL, 'Cliente: 3, Livro: 1, Data: 2025-09-12', 'root@localhost', '2025-09-15 19:10:53', NULL),
(460, 'emprestimo', 'INSERT', 22, NULL, 'Cliente: 8, Livro: 2, Data: 2025-09-05', 'root@localhost', '2025-09-15 19:10:53', NULL),
(461, 'emprestimo', 'INSERT', 23, NULL, 'Cliente: 9, Livro: 3, Data: 2025-09-07', 'root@localhost', '2025-09-15 19:10:53', NULL),
(462, 'emprestimo', 'INSERT', 24, NULL, 'Cliente: 10, Livro: 4, Data: 2025-09-04', 'root@localhost', '2025-09-15 19:10:53', NULL),
(463, 'emprestimo', 'INSERT', 25, NULL, 'Cliente: 11, Livro: 5, Data: 2025-09-11', 'root@localhost', '2025-09-15 19:10:53', NULL),
(464, 'emprestimo', 'INSERT', 26, NULL, 'Cliente: 12, Livro: 6, Data: 2025-09-07', 'root@localhost', '2025-09-15 19:10:53', NULL),
(465, 'emprestimo', 'INSERT', 27, NULL, 'Cliente: 13, Livro: 7, Data: 2025-09-15', 'root@localhost', '2025-09-15 19:10:53', NULL),
(466, 'emprestimo', 'INSERT', 28, NULL, 'Cliente: 3, Livro: 8, Data: 2025-09-02', 'root@localhost', '2025-09-15 19:10:53', NULL),
(467, 'emprestimo', 'INSERT', 29, NULL, 'Cliente: 8, Livro: 9, Data: 2025-09-03', 'root@localhost', '2025-09-15 19:10:53', NULL),
(468, 'emprestimo', 'INSERT', 30, NULL, 'Cliente: 9, Livro: 10, Data: 2025-09-06', 'root@localhost', '2025-09-15 19:10:53', NULL),
(469, 'emprestimo', 'INSERT', 31, NULL, 'Cliente: 10, Livro: 11, Data: 2025-09-13', 'root@localhost', '2025-09-15 19:10:53', NULL),
(470, 'emprestimo', 'INSERT', 32, NULL, 'Cliente: 11, Livro: 12, Data: 2025-09-15', 'root@localhost', '2025-09-15 19:10:53', NULL),
(471, 'emprestimo', 'INSERT', 33, NULL, 'Cliente: 12, Livro: 13, Data: 2025-09-01', 'root@localhost', '2025-09-15 19:10:53', NULL),
(472, 'emprestimo', 'INSERT', 34, NULL, 'Cliente: 13, Livro: 14, Data: 2025-09-10', 'root@localhost', '2025-09-15 19:10:53', NULL),
(473, 'emprestimo', 'INSERT', 35, NULL, 'Cliente: 3, Livro: 15, Data: 2025-09-03', 'root@localhost', '2025-09-15 19:10:53', NULL),
(474, 'emprestimo', 'INSERT', 36, NULL, 'Cliente: 8, Livro: 16, Data: 2025-09-07', 'root@localhost', '2025-09-15 19:10:53', NULL),
(475, 'emprestimo', 'INSERT', 37, NULL, 'Cliente: 9, Livro: 17, Data: 2025-09-15', 'root@localhost', '2025-09-15 19:10:53', NULL),
(476, 'emprestimo', 'INSERT', 38, NULL, 'Cliente: 10, Livro: 18, Data: 2025-09-13', 'root@localhost', '2025-09-15 19:10:53', NULL),
(477, 'emprestimo', 'INSERT', 39, NULL, 'Cliente: 11, Livro: 19, Data: 2025-09-12', 'root@localhost', '2025-09-15 19:10:53', NULL),
(478, 'emprestimo', 'INSERT', 40, NULL, 'Cliente: 12, Livro: 20, Data: 2025-09-12', 'root@localhost', '2025-09-15 19:10:53', NULL),
(479, 'emprestimo', 'INSERT', 41, NULL, 'Cliente: 3, Livro: 1, Data: 2025-09-06', 'root@localhost', '2025-09-15 19:13:27', NULL),
(480, 'emprestimo', 'INSERT', 42, NULL, 'Cliente: 8, Livro: 2, Data: 2025-09-13', 'root@localhost', '2025-09-15 19:13:27', NULL),
(481, 'emprestimo', 'INSERT', 43, NULL, 'Cliente: 9, Livro: 3, Data: 2025-09-14', 'root@localhost', '2025-09-15 19:13:27', NULL),
(482, 'emprestimo', 'INSERT', 44, NULL, 'Cliente: 10, Livro: 4, Data: 2025-09-06', 'root@localhost', '2025-09-15 19:13:27', NULL),
(483, 'emprestimo', 'INSERT', 45, NULL, 'Cliente: 11, Livro: 5, Data: 2025-09-13', 'root@localhost', '2025-09-15 19:13:27', NULL),
(484, 'emprestimo', 'INSERT', 46, NULL, 'Cliente: 12, Livro: 5, Data: 2025-09-07', 'root@localhost', '2025-09-15 19:13:27', NULL),
(485, 'emprestimo', 'INSERT', 47, NULL, 'Cliente: 13, Livro: 5, Data: 2025-09-08', 'root@localhost', '2025-09-15 19:13:27', NULL),
(486, 'emprestimo', 'INSERT', 48, NULL, 'Cliente: 3, Livro: 6, Data: 2025-09-09', 'root@localhost', '2025-09-15 19:13:27', NULL),
(487, 'emprestimo', 'INSERT', 49, NULL, 'Cliente: 8, Livro: 7, Data: 2025-09-09', 'root@localhost', '2025-09-15 19:13:27', NULL),
(488, 'emprestimo', 'INSERT', 50, NULL, 'Cliente: 9, Livro: 7, Data: 2025-09-13', 'root@localhost', '2025-09-15 19:13:27', NULL),
(489, 'emprestimo', 'INSERT', 51, NULL, 'Cliente: 10, Livro: 7, Data: 2025-09-09', 'root@localhost', '2025-09-15 19:13:27', NULL),
(490, 'emprestimo', 'INSERT', 52, NULL, 'Cliente: 11, Livro: 7, Data: 2025-09-06', 'root@localhost', '2025-09-15 19:13:27', NULL),
(491, 'emprestimo', 'INSERT', 53, NULL, 'Cliente: 12, Livro: 8, Data: 2025-09-09', 'root@localhost', '2025-09-15 19:13:27', NULL),
(492, 'emprestimo', 'INSERT', 54, NULL, 'Cliente: 13, Livro: 8, Data: 2025-09-09', 'root@localhost', '2025-09-15 19:13:27', NULL),
(493, 'emprestimo', 'INSERT', 55, NULL, 'Cliente: 3, Livro: 9, Data: 2025-09-14', 'root@localhost', '2025-09-15 19:13:27', NULL),
(494, 'emprestimo', 'INSERT', 56, NULL, 'Cliente: 8, Livro: 9, Data: 2025-09-09', 'root@localhost', '2025-09-15 19:13:27', NULL),
(495, 'emprestimo', 'INSERT', 57, NULL, 'Cliente: 9, Livro: 9, Data: 2025-09-08', 'root@localhost', '2025-09-15 19:13:27', NULL),
(496, 'emprestimo', 'INSERT', 58, NULL, 'Cliente: 10, Livro: 10, Data: 2025-09-14', 'root@localhost', '2025-09-15 19:13:27', NULL),
(497, 'emprestimo', 'INSERT', 59, NULL, 'Cliente: 11, Livro: 10, Data: 2025-09-11', 'root@localhost', '2025-09-15 19:13:27', NULL),
(498, 'emprestimo', 'INSERT', 60, NULL, 'Cliente: 12, Livro: 10, Data: 2025-09-08', 'root@localhost', '2025-09-15 19:13:27', NULL),
(499, 'emprestimo', 'INSERT', 61, NULL, 'Cliente: 13, Livro: 10, Data: 2025-09-15', 'root@localhost', '2025-09-15 19:13:27', NULL),
(500, 'emprestimo', 'INSERT', 62, NULL, 'Cliente: 3, Livro: 11, Data: 2025-09-06', 'root@localhost', '2025-09-15 19:13:27', NULL),
(501, 'emprestimo', 'INSERT', 63, NULL, 'Cliente: 8, Livro: 12, Data: 2025-09-10', 'root@localhost', '2025-09-15 19:13:27', NULL),
(502, 'emprestimo', 'INSERT', 64, NULL, 'Cliente: 9, Livro: 12, Data: 2025-09-06', 'root@localhost', '2025-09-15 19:13:27', NULL),
(503, 'emprestimo', 'INSERT', 65, NULL, 'Cliente: 10, Livro: 12, Data: 2025-09-12', 'root@localhost', '2025-09-15 19:13:27', NULL),
(504, 'emprestimo', 'INSERT', 66, NULL, 'Cliente: 11, Livro: 13, Data: 2025-09-15', 'root@localhost', '2025-09-15 19:13:27', NULL),
(505, 'emprestimo', 'INSERT', 67, NULL, 'Cliente: 12, Livro: 14, Data: 2025-09-14', 'root@localhost', '2025-09-15 19:13:27', NULL),
(506, 'emprestimo', 'INSERT', 68, NULL, 'Cliente: 13, Livro: 14, Data: 2025-09-14', 'root@localhost', '2025-09-15 19:13:27', NULL),
(507, 'emprestimo', 'INSERT', 69, NULL, 'Cliente: 3, Livro: 14, Data: 2025-09-14', 'root@localhost', '2025-09-15 19:13:27', NULL),
(508, 'emprestimo', 'INSERT', 70, NULL, 'Cliente: 8, Livro: 14, Data: 2025-09-12', 'root@localhost', '2025-09-15 19:13:27', NULL),
(509, 'emprestimo', 'INSERT', 71, NULL, 'Cliente: 9, Livro: 15, Data: 2025-09-05', 'root@localhost', '2025-09-15 19:13:27', NULL),
(510, 'emprestimo', 'INSERT', 72, NULL, 'Cliente: 10, Livro: 15, Data: 2025-09-14', 'root@localhost', '2025-09-15 19:13:27', NULL),
(511, 'emprestimo', 'INSERT', 73, NULL, 'Cliente: 11, Livro: 16, Data: 2025-09-14', 'root@localhost', '2025-09-15 19:13:27', NULL),
(512, 'emprestimo', 'INSERT', 74, NULL, 'Cliente: 12, Livro: 16, Data: 2025-09-15', 'root@localhost', '2025-09-15 19:13:27', NULL),
(513, 'emprestimo', 'INSERT', 75, NULL, 'Cliente: 13, Livro: 17, Data: 2025-09-12', 'root@localhost', '2025-09-15 19:13:27', NULL),
(514, 'emprestimo', 'INSERT', 76, NULL, 'Cliente: 3, Livro: 17, Data: 2025-09-15', 'root@localhost', '2025-09-15 19:13:27', NULL),
(515, 'emprestimo', 'INSERT', 77, NULL, 'Cliente: 8, Livro: 18, Data: 2025-09-06', 'root@localhost', '2025-09-15 19:13:27', NULL),
(516, 'emprestimo', 'INSERT', 78, NULL, 'Cliente: 9, Livro: 18, Data: 2025-09-06', 'root@localhost', '2025-09-15 19:13:27', NULL),
(517, 'emprestimo', 'INSERT', 79, NULL, 'Cliente: 10, Livro: 19, Data: 2025-09-09', 'root@localhost', '2025-09-15 19:13:27', NULL),
(518, 'emprestimo', 'INSERT', 80, NULL, 'Cliente: 11, Livro: 19, Data: 2025-09-08', 'root@localhost', '2025-09-15 19:13:27', NULL),
(519, 'emprestimo', 'INSERT', 81, NULL, 'Cliente: 12, Livro: 19, Data: 2025-09-13', 'root@localhost', '2025-09-15 19:13:27', NULL),
(520, 'emprestimo', 'INSERT', 82, NULL, 'Cliente: 13, Livro: 20, Data: 2025-09-13', 'root@localhost', '2025-09-15 19:13:27', NULL),
(521, 'emprestimo', 'INSERT', 83, NULL, 'Cliente: 3, Livro: 20, Data: 2025-09-06', 'root@localhost', '2025-09-15 19:13:27', NULL),
(522, 'emprestimo', 'INSERT', 84, NULL, 'Cliente: 8, Livro: 20, Data: 2025-09-07', 'root@localhost', '2025-09-15 19:13:27', NULL),
(523, 'emprestimo', 'INSERT', 85, NULL, 'Cliente: 3, Livro: 21, Data: 2025-09-15', 'root@localhost', '2025-09-15 19:17:46', NULL),
(524, 'emprestimo', 'INSERT', 86, NULL, 'Cliente: 3, Livro: 22, Data: 2025-09-15', 'root@localhost', '2025-09-15 19:17:46', NULL),
(525, 'emprestimo', 'INSERT', 87, NULL, 'Cliente: 8, Livro: 23, Data: 2025-09-06', 'root@localhost', '2025-09-15 19:17:46', NULL),
(526, 'emprestimo', 'INSERT', 88, NULL, 'Cliente: 9, Livro: 24, Data: 2025-09-12', 'root@localhost', '2025-09-15 19:17:46', NULL),
(527, 'emprestimo', 'INSERT', 89, NULL, 'Cliente: 9, Livro: 25, Data: 2025-09-12', 'root@localhost', '2025-09-15 19:17:46', NULL),
(528, 'emprestimo', 'INSERT', 90, NULL, 'Cliente: 10, Livro: 26, Data: 2025-09-06', 'root@localhost', '2025-09-15 19:17:46', NULL),
(529, 'emprestimo', 'INSERT', 91, NULL, 'Cliente: 11, Livro: 27, Data: 2025-09-12', 'root@localhost', '2025-09-15 19:17:46', NULL),
(530, 'emprestimo', 'INSERT', 92, NULL, 'Cliente: 11, Livro: 28, Data: 2025-09-12', 'root@localhost', '2025-09-15 19:17:46', NULL),
(531, 'emprestimo', 'INSERT', 93, NULL, 'Cliente: 12, Livro: 29, Data: 2025-09-10', 'root@localhost', '2025-09-15 19:17:46', NULL),
(532, 'emprestimo', 'INSERT', 94, NULL, 'Cliente: 13, Livro: 30, Data: 2025-09-12', 'root@localhost', '2025-09-15 19:17:46', NULL),
(533, 'emprestimo', 'INSERT', 95, NULL, 'Cliente: 13, Livro: 31, Data: 2025-09-12', 'root@localhost', '2025-09-15 19:17:46', NULL),
(534, 'emprestimo', 'INSERT', 96, NULL, 'Cliente: 3, Livro: 32, Data: 2025-09-13', 'root@localhost', '2025-09-15 19:17:46', NULL),
(535, 'livro', 'UPDATE', 13, 'Título: Sopro do Norte', 'Título: Sopro do Norte', NULL, '2025-09-15 19:18:27', NULL),
(536, 'emprestimo', 'UPDATE', 66, 'Cliente: 11, Livro: 13, Data: 2025-09-15', 'Cliente: 11, Livro: 13, Data: 2025-09-15', 'root@localhost', '2025-09-15 19:18:27', NULL),
(537, 'livro', 'UPDATE', 10, 'Título: A Ponte Invisível', 'Título: A Ponte Invisível', NULL, '2025-09-15 19:18:30', NULL),
(538, 'emprestimo', 'UPDATE', 61, 'Cliente: 13, Livro: 10, Data: 2025-09-15', 'Cliente: 13, Livro: 10, Data: 2025-09-15', 'root@localhost', '2025-09-15 19:18:30', NULL),
(539, 'livro', 'UPDATE', 22, 'Título: O Mapa Antigo', 'Título: O Mapa Antigo', NULL, '2025-09-15 19:18:33', NULL),
(540, 'emprestimo', 'UPDATE', 86, 'Cliente: 3, Livro: 22, Data: 2025-09-15', 'Cliente: 3, Livro: 22, Data: 2025-09-15', 'root@localhost', '2025-09-15 19:18:33', NULL),
(541, 'livro', 'UPDATE', 17, 'Título: Vozes Antigas', 'Título: Vozes Antigas', NULL, '2025-09-15 19:18:35', NULL),
(542, 'emprestimo', 'UPDATE', 37, 'Cliente: 9, Livro: 17, Data: 2025-09-15', 'Cliente: 9, Livro: 17, Data: 2025-09-15', 'root@localhost', '2025-09-15 19:18:35', NULL),
(543, 'livro', 'UPDATE', 16, 'Título: Mundos Paralelos', 'Título: Mundos Paralelos', NULL, '2025-09-15 19:18:39', NULL),
(544, 'emprestimo', 'UPDATE', 74, 'Cliente: 12, Livro: 16, Data: 2025-09-15', 'Cliente: 12, Livro: 16, Data: 2025-09-15', 'root@localhost', '2025-09-15 19:18:39', NULL),
(545, 'livro', 'UPDATE', 7, 'Título: Constelações Perdidas', 'Título: Constelações Perdidas', NULL, '2025-09-15 19:18:44', NULL),
(546, 'emprestimo', 'UPDATE', 27, 'Cliente: 13, Livro: 7, Data: 2025-09-15', 'Cliente: 13, Livro: 7, Data: 2025-09-15', 'root@localhost', '2025-09-15 19:18:44', NULL),
(547, 'livro', 'UPDATE', 17, 'Título: Vozes Antigas', 'Título: Vozes Antigas', NULL, '2025-09-15 19:18:49', NULL),
(548, 'emprestimo', 'UPDATE', 76, 'Cliente: 3, Livro: 17, Data: 2025-09-15', 'Cliente: 3, Livro: 17, Data: 2025-09-15', 'root@localhost', '2025-09-15 19:18:49', NULL),
(549, 'livro', 'UPDATE', 12, 'Título: Fragmentos de Memória', 'Título: Fragmentos de Memória', NULL, '2025-09-15 19:18:52', NULL),
(550, 'emprestimo', 'UPDATE', 32, 'Cliente: 11, Livro: 12, Data: 2025-09-15', 'Cliente: 11, Livro: 12, Data: 2025-09-15', 'root@localhost', '2025-09-15 19:18:52', NULL),
(551, 'livro', 'UPDATE', 21, 'Título: Riacho Silencioso', 'Título: Riacho Silencioso', NULL, '2025-09-15 19:18:57', NULL),
(552, 'emprestimo', 'UPDATE', 85, 'Cliente: 3, Livro: 21, Data: 2025-09-15', 'Cliente: 3, Livro: 21, Data: 2025-09-15', 'root@localhost', '2025-09-15 19:18:57', NULL),
(553, 'livro', 'UPDATE', 14, 'Título: Círculos Inacabados', 'Título: Círculos Inacabados', NULL, '2025-09-15 19:19:13', NULL),
(554, 'emprestimo', 'UPDATE', 67, 'Cliente: 12, Livro: 14, Data: 2025-09-14', 'Cliente: 12, Livro: 14, Data: 2025-09-14', 'root@localhost', '2025-09-15 19:19:13', NULL),
(555, 'livro', 'UPDATE', 14, 'Título: Círculos Inacabados', 'Título: Círculos Inacabados', NULL, '2025-09-15 19:19:17', NULL),
(556, 'emprestimo', 'UPDATE', 69, 'Cliente: 3, Livro: 14, Data: 2025-09-14', 'Cliente: 3, Livro: 14, Data: 2025-09-14', 'root@localhost', '2025-09-15 19:19:17', NULL),
(557, 'livro', 'UPDATE', 3, 'Título: Caminhos Cruzados', 'Título: Caminhos Cruzados', NULL, '2025-09-15 19:19:19', NULL),
(558, 'emprestimo', 'UPDATE', 43, 'Cliente: 9, Livro: 3, Data: 2025-09-14', 'Cliente: 9, Livro: 3, Data: 2025-09-14', 'root@localhost', '2025-09-15 19:19:19', NULL),
(559, 'livro', 'UPDATE', 14, 'Título: Círculos Inacabados', 'Título: Círculos Inacabados', NULL, '2025-09-15 19:19:23', NULL),
(560, 'emprestimo', 'UPDATE', 68, 'Cliente: 13, Livro: 14, Data: 2025-09-14', 'Cliente: 13, Livro: 14, Data: 2025-09-14', 'root@localhost', '2025-09-15 19:19:23', NULL),
(561, 'livro', 'UPDATE', 11, 'Título: Códigos Secretos', 'Título: Códigos Secretos', NULL, '2025-09-15 19:19:26', NULL),
(562, 'emprestimo', 'UPDATE', 11, 'Cliente: 10, Livro: 11, Data: 2025-09-14', 'Cliente: 10, Livro: 11, Data: 2025-09-14', 'root@localhost', '2025-09-15 19:19:26', NULL),
(563, 'livro', 'UPDATE', 16, 'Título: Mundos Paralelos', 'Título: Mundos Paralelos', NULL, '2025-09-15 19:19:28', NULL),
(564, 'emprestimo', 'UPDATE', 73, 'Cliente: 11, Livro: 16, Data: 2025-09-14', 'Cliente: 11, Livro: 16, Data: 2025-09-14', 'root@localhost', '2025-09-15 19:19:28', NULL),
(565, 'livro', 'UPDATE', 15, 'Título: Vértices do Destino', 'Título: Vértices do Destino', NULL, '2025-09-15 19:19:31', NULL),
(566, 'emprestimo', 'UPDATE', 72, 'Cliente: 10, Livro: 15, Data: 2025-09-14', 'Cliente: 10, Livro: 15, Data: 2025-09-14', 'root@localhost', '2025-09-15 19:19:31', NULL),
(567, 'livro', 'UPDATE', 16, 'Título: Mundos Paralelos', 'Título: Mundos Paralelos', NULL, '2025-09-15 19:19:34', NULL),
(568, 'emprestimo', 'UPDATE', 16, 'Cliente: 8, Livro: 16, Data: 2025-09-14', 'Cliente: 8, Livro: 16, Data: 2025-09-14', 'root@localhost', '2025-09-15 19:19:34', NULL),
(569, 'livro', 'UPDATE', 10, 'Título: A Ponte Invisível', 'Título: A Ponte Invisível', NULL, '2025-09-15 19:19:36', NULL),
(570, 'emprestimo', 'UPDATE', 58, 'Cliente: 10, Livro: 10, Data: 2025-09-14', 'Cliente: 10, Livro: 10, Data: 2025-09-14', 'root@localhost', '2025-09-15 19:19:36', NULL),
(571, 'livro', 'UPDATE', 9, 'Título: Raízes Profundas', 'Título: Raízes Profundas', NULL, '2025-09-15 19:19:40', NULL),
(572, 'emprestimo', 'UPDATE', 55, 'Cliente: 3, Livro: 9, Data: 2025-09-14', 'Cliente: 3, Livro: 9, Data: 2025-09-14', 'root@localhost', '2025-09-15 19:19:40', NULL),
(573, 'livro', 'UPDATE', 19, 'Título: Noturno Azul', 'Título: Noturno Azul', NULL, '2025-09-15 19:19:42', NULL),
(574, 'emprestimo', 'UPDATE', 81, 'Cliente: 12, Livro: 19, Data: 2025-09-13', 'Cliente: 12, Livro: 19, Data: 2025-09-13', 'root@localhost', '2025-09-15 19:19:42', NULL),
(575, 'livro', 'UPDATE', 32, 'Título: A Casa ao Lado', 'Título: A Casa ao Lado', NULL, '2025-09-15 19:19:46', NULL),
(576, 'emprestimo', 'UPDATE', 96, 'Cliente: 3, Livro: 32, Data: 2025-09-13', 'Cliente: 3, Livro: 32, Data: 2025-09-13', 'root@localhost', '2025-09-15 19:19:46', NULL),
(577, 'livro', 'UPDATE', 5, 'Título: Entardecer no Vale', 'Título: Entardecer no Vale', NULL, '2025-09-15 19:19:50', NULL),
(578, 'emprestimo', 'UPDATE', 45, 'Cliente: 11, Livro: 5, Data: 2025-09-13', 'Cliente: 11, Livro: 5, Data: 2025-09-13', 'root@localhost', '2025-09-15 19:19:50', NULL),
(579, 'livro', 'UPDATE', 20, 'Título: Amanhecer Dourado', 'Título: Amanhecer Dourado', NULL, '2025-09-15 19:19:52', NULL),
(580, 'emprestimo', 'UPDATE', 82, 'Cliente: 13, Livro: 20, Data: 2025-09-13', 'Cliente: 13, Livro: 20, Data: 2025-09-13', 'root@localhost', '2025-09-15 19:19:52', NULL),
(581, 'livro', 'UPDATE', 2, 'Título: Ecos do Tempo', 'Título: Ecos do Tempo', NULL, '2025-09-15 19:19:56', NULL),
(582, 'emprestimo', 'UPDATE', 42, 'Cliente: 8, Livro: 2, Data: 2025-09-13', 'Cliente: 8, Livro: 2, Data: 2025-09-13', 'root@localhost', '2025-09-15 19:19:56', NULL),
(583, 'emprestimo', 'INSERT', 97, NULL, 'Cliente: 3, Livro: 1, Data: 2025-05-05', 'root@localhost', '2025-09-15 19:21:33', NULL),
(584, 'emprestimo', 'INSERT', 98, NULL, 'Cliente: 8, Livro: 2, Data: 2025-08-03', 'root@localhost', '2025-09-15 19:21:33', NULL),
(585, 'emprestimo', 'INSERT', 99, NULL, 'Cliente: 9, Livro: 3, Data: 2025-05-19', 'root@localhost', '2025-09-15 19:21:33', NULL),
(586, 'emprestimo', 'INSERT', 100, NULL, 'Cliente: 10, Livro: 4, Data: 2025-09-01', 'root@localhost', '2025-09-15 19:21:33', NULL),
(587, 'emprestimo', 'INSERT', 101, NULL, 'Cliente: 11, Livro: 5, Data: 2025-04-07', 'root@localhost', '2025-09-15 19:21:33', NULL),
(588, 'emprestimo', 'INSERT', 102, NULL, 'Cliente: 12, Livro: 6, Data: 2025-08-26', 'root@localhost', '2025-09-15 19:21:33', NULL),
(589, 'emprestimo', 'INSERT', 103, NULL, 'Cliente: 13, Livro: 7, Data: 2025-04-11', 'root@localhost', '2025-09-15 19:21:33', NULL),
(590, 'emprestimo', 'INSERT', 104, NULL, 'Cliente: 3, Livro: 8, Data: 2025-03-26', 'root@localhost', '2025-09-15 19:21:33', NULL),
(591, 'emprestimo', 'INSERT', 105, NULL, 'Cliente: 8, Livro: 9, Data: 2025-06-23', 'root@localhost', '2025-09-15 19:21:33', NULL),
(592, 'emprestimo', 'INSERT', 106, NULL, 'Cliente: 9, Livro: 10, Data: 2025-07-09', 'root@localhost', '2025-09-15 19:21:33', NULL),
(593, 'emprestimo', 'INSERT', 107, NULL, 'Cliente: 10, Livro: 11, Data: 2025-08-28', 'root@localhost', '2025-09-15 19:21:33', NULL),
(594, 'emprestimo', 'INSERT', 108, NULL, 'Cliente: 11, Livro: 12, Data: 2025-05-08', 'root@localhost', '2025-09-15 19:21:33', NULL),
(595, 'emprestimo', 'INSERT', 109, NULL, 'Cliente: 12, Livro: 13, Data: 2025-07-21', 'root@localhost', '2025-09-15 19:21:33', NULL),
(596, 'emprestimo', 'INSERT', 110, NULL, 'Cliente: 13, Livro: 14, Data: 2025-04-14', 'root@localhost', '2025-09-15 19:21:33', NULL),
(597, 'emprestimo', 'INSERT', 111, NULL, 'Cliente: 3, Livro: 15, Data: 2025-08-04', 'root@localhost', '2025-09-15 19:21:33', NULL),
(598, 'emprestimo', 'INSERT', 112, NULL, 'Cliente: 8, Livro: 16, Data: 2025-06-04', 'root@localhost', '2025-09-15 19:21:33', NULL),
(599, 'emprestimo', 'INSERT', 113, NULL, 'Cliente: 9, Livro: 17, Data: 2025-04-25', 'root@localhost', '2025-09-15 19:21:33', NULL),
(600, 'emprestimo', 'INSERT', 114, NULL, 'Cliente: 10, Livro: 18, Data: 2025-08-28', 'root@localhost', '2025-09-15 19:21:33', NULL),
(601, 'emprestimo', 'INSERT', 115, NULL, 'Cliente: 11, Livro: 19, Data: 2025-08-24', 'root@localhost', '2025-09-15 19:21:33', NULL),
(602, 'emprestimo', 'INSERT', 116, NULL, 'Cliente: 12, Livro: 20, Data: 2025-07-11', 'root@localhost', '2025-09-15 19:21:33', NULL),
(603, 'emprestimo', 'INSERT', 117, NULL, 'Cliente: 13, Livro: 21, Data: 2025-08-29', 'root@localhost', '2025-09-15 19:21:33', NULL),
(604, 'emprestimo', 'INSERT', 118, NULL, 'Cliente: 3, Livro: 22, Data: 2025-04-02', 'root@localhost', '2025-09-15 19:21:33', NULL),
(605, 'emprestimo', 'INSERT', 119, NULL, 'Cliente: 8, Livro: 23, Data: 2025-05-06', 'root@localhost', '2025-09-15 19:21:33', NULL),
(606, 'emprestimo', 'INSERT', 120, NULL, 'Cliente: 9, Livro: 24, Data: 2025-06-23', 'root@localhost', '2025-09-15 19:21:33', NULL),
(607, 'emprestimo', 'INSERT', 121, NULL, 'Cliente: 10, Livro: 25, Data: 2025-09-01', 'root@localhost', '2025-09-15 19:21:33', NULL),
(608, 'emprestimo', 'INSERT', 122, NULL, 'Cliente: 11, Livro: 26, Data: 2025-04-12', 'root@localhost', '2025-09-15 19:21:33', NULL),
(609, 'emprestimo', 'INSERT', 123, NULL, 'Cliente: 12, Livro: 27, Data: 2025-09-12', 'root@localhost', '2025-09-15 19:21:33', NULL),
(610, 'emprestimo', 'INSERT', 124, NULL, 'Cliente: 13, Livro: 28, Data: 2025-05-04', 'root@localhost', '2025-09-15 19:21:33', NULL),
(611, 'emprestimo', 'INSERT', 125, NULL, 'Cliente: 3, Livro: 29, Data: 2025-09-07', 'root@localhost', '2025-09-15 19:21:33', NULL),
(612, 'emprestimo', 'INSERT', 126, NULL, 'Cliente: 8, Livro: 30, Data: 2025-07-31', 'root@localhost', '2025-09-15 19:21:33', NULL),
(613, 'emprestimo', 'INSERT', 127, NULL, 'Cliente: 9, Livro: 31, Data: 2025-06-30', 'root@localhost', '2025-09-15 19:21:33', NULL),
(614, 'emprestimo', 'INSERT', 128, NULL, 'Cliente: 10, Livro: 32, Data: 2025-07-16', 'root@localhost', '2025-09-15 19:21:33', NULL),
(615, 'emprestimo', 'INSERT', 129, NULL, 'Cliente: 11, Livro: 33, Data: 2025-08-04', 'root@localhost', '2025-09-15 19:21:33', NULL),
(616, 'emprestimo', 'INSERT', 130, NULL, 'Cliente: 12, Livro: 34, Data: 2025-09-14', 'root@localhost', '2025-09-15 19:21:33', NULL),
(617, 'emprestimo', 'INSERT', 131, NULL, 'Cliente: 13, Livro: 35, Data: 2025-07-23', 'root@localhost', '2025-09-15 19:21:33', NULL),
(618, 'emprestimo', 'INSERT', 132, NULL, 'Cliente: 3, Livro: 36, Data: 2025-06-19', 'root@localhost', '2025-09-15 19:21:33', NULL),
(619, 'emprestimo', 'INSERT', 133, NULL, 'Cliente: 8, Livro: 37, Data: 2025-04-17', 'root@localhost', '2025-09-15 19:21:33', NULL),
(620, 'emprestimo', 'INSERT', 134, NULL, 'Cliente: 9, Livro: 38, Data: 2025-06-26', 'root@localhost', '2025-09-15 19:21:33', NULL),
(621, 'emprestimo', 'INSERT', 135, NULL, 'Cliente: 10, Livro: 39, Data: 2025-09-05', 'root@localhost', '2025-09-15 19:21:33', NULL),
(622, 'emprestimo', 'INSERT', 136, NULL, 'Cliente: 11, Livro: 40, Data: 2025-09-14', 'root@localhost', '2025-09-15 19:21:33', NULL),
(623, 'emprestimo', 'INSERT', 137, NULL, 'Cliente: 12, Livro: 41, Data: 2025-07-20', 'root@localhost', '2025-09-15 19:21:33', NULL),
(624, 'emprestimo', 'INSERT', 138, NULL, 'Cliente: 13, Livro: 42, Data: 2025-07-05', 'root@localhost', '2025-09-15 19:21:33', NULL),
(625, 'emprestimo', 'INSERT', 139, NULL, 'Cliente: 3, Livro: 43, Data: 2025-06-04', 'root@localhost', '2025-09-15 19:21:33', NULL),
(626, 'emprestimo', 'INSERT', 140, NULL, 'Cliente: 8, Livro: 44, Data: 2025-03-31', 'root@localhost', '2025-09-15 19:21:33', NULL),
(627, 'emprestimo', 'INSERT', 141, NULL, 'Cliente: 9, Livro: 45, Data: 2025-05-14', 'root@localhost', '2025-09-15 19:21:33', NULL),
(628, 'emprestimo', 'INSERT', 142, NULL, 'Cliente: 10, Livro: 46, Data: 2025-07-31', 'root@localhost', '2025-09-15 19:21:33', NULL),
(629, 'emprestimo', 'INSERT', 143, NULL, 'Cliente: 11, Livro: 47, Data: 2025-03-28', 'root@localhost', '2025-09-15 19:21:33', NULL),
(630, 'emprestimo', 'INSERT', 144, NULL, 'Cliente: 12, Livro: 48, Data: 2025-06-16', 'root@localhost', '2025-09-15 19:21:33', NULL),
(631, 'emprestimo', 'INSERT', 145, NULL, 'Cliente: 13, Livro: 49, Data: 2025-03-29', 'root@localhost', '2025-09-15 19:21:33', NULL),
(632, 'emprestimo', 'INSERT', 146, NULL, 'Cliente: 3, Livro: 50, Data: 2025-06-24', 'root@localhost', '2025-09-15 19:21:33', NULL),
(633, 'emprestimo', 'INSERT', 147, NULL, 'Cliente: 8, Livro: 51, Data: 2025-05-15', 'root@localhost', '2025-09-15 19:21:33', NULL),
(634, 'emprestimo', 'INSERT', 148, NULL, 'Cliente: 9, Livro: 52, Data: 2025-09-02', 'root@localhost', '2025-09-15 19:21:33', NULL),
(635, 'emprestimo', 'INSERT', 149, NULL, 'Cliente: 10, Livro: 53, Data: 2025-05-08', 'root@localhost', '2025-09-15 19:21:33', NULL),
(636, 'emprestimo', 'INSERT', 150, NULL, 'Cliente: 11, Livro: 54, Data: 2025-06-21', 'root@localhost', '2025-09-15 19:21:33', NULL),
(637, 'emprestimo', 'INSERT', 151, NULL, 'Cliente: 12, Livro: 55, Data: 2025-05-25', 'root@localhost', '2025-09-15 19:21:33', NULL),
(638, 'emprestimo', 'INSERT', 152, NULL, 'Cliente: 13, Livro: 56, Data: 2025-06-14', 'root@localhost', '2025-09-15 19:21:33', NULL),
(639, 'emprestimo', 'INSERT', 153, NULL, 'Cliente: 3, Livro: 57, Data: 2025-05-26', 'root@localhost', '2025-09-15 19:21:33', NULL),
(640, 'emprestimo', 'INSERT', 154, NULL, 'Cliente: 8, Livro: 58, Data: 2025-06-23', 'root@localhost', '2025-09-15 19:21:33', NULL),
(641, 'emprestimo', 'INSERT', 155, NULL, 'Cliente: 9, Livro: 59, Data: 2025-06-03', 'root@localhost', '2025-09-15 19:21:33', NULL),
(642, 'emprestimo', 'INSERT', 156, NULL, 'Cliente: 10, Livro: 60, Data: 2025-07-23', 'root@localhost', '2025-09-15 19:21:33', NULL),
(643, 'emprestimo', 'INSERT', 157, NULL, 'Cliente: 3, Livro: 1, Data: 2025-07-26', 'root@localhost', '2025-09-15 19:22:42', NULL),
(644, 'emprestimo', 'INSERT', 158, NULL, 'Cliente: 8, Livro: 2, Data: 2025-09-02', 'root@localhost', '2025-09-15 19:22:42', NULL),
(645, 'emprestimo', 'INSERT', 159, NULL, 'Cliente: 9, Livro: 3, Data: 2025-09-01', 'root@localhost', '2025-09-15 19:22:42', NULL),
(646, 'emprestimo', 'INSERT', 160, NULL, 'Cliente: 10, Livro: 4, Data: 2025-06-04', 'root@localhost', '2025-09-15 19:22:42', NULL),
(647, 'emprestimo', 'INSERT', 161, NULL, 'Cliente: 11, Livro: 5, Data: 2025-05-23', 'root@localhost', '2025-09-15 19:22:42', NULL),
(648, 'emprestimo', 'INSERT', 162, NULL, 'Cliente: 12, Livro: 6, Data: 2025-06-18', 'root@localhost', '2025-09-15 19:22:42', NULL),
(649, 'emprestimo', 'INSERT', 163, NULL, 'Cliente: 13, Livro: 7, Data: 2025-08-27', 'root@localhost', '2025-09-15 19:22:42', NULL),
(650, 'emprestimo', 'INSERT', 164, NULL, 'Cliente: 3, Livro: 8, Data: 2025-06-18', 'root@localhost', '2025-09-15 19:22:42', NULL),
(651, 'emprestimo', 'INSERT', 165, NULL, 'Cliente: 8, Livro: 9, Data: 2025-08-01', 'root@localhost', '2025-09-15 19:22:42', NULL),
(652, 'emprestimo', 'INSERT', 166, NULL, 'Cliente: 9, Livro: 10, Data: 2025-09-14', 'root@localhost', '2025-09-15 19:22:42', NULL),
(653, 'emprestimo', 'INSERT', 167, NULL, 'Cliente: 10, Livro: 11, Data: 2025-07-19', 'root@localhost', '2025-09-15 19:22:42', NULL),
(654, 'emprestimo', 'INSERT', 168, NULL, 'Cliente: 11, Livro: 12, Data: 2025-08-29', 'root@localhost', '2025-09-15 19:22:42', NULL),
(655, 'emprestimo', 'INSERT', 169, NULL, 'Cliente: 12, Livro: 13, Data: 2025-08-30', 'root@localhost', '2025-09-15 19:22:42', NULL),
(656, 'emprestimo', 'INSERT', 170, NULL, 'Cliente: 13, Livro: 14, Data: 2025-09-12', 'root@localhost', '2025-09-15 19:22:42', NULL),
(657, 'emprestimo', 'INSERT', 171, NULL, 'Cliente: 3, Livro: 15, Data: 2025-07-25', 'root@localhost', '2025-09-15 19:22:42', NULL),
(658, 'emprestimo', 'INSERT', 172, NULL, 'Cliente: 8, Livro: 16, Data: 2025-04-14', 'root@localhost', '2025-09-15 19:22:42', NULL),
(659, 'emprestimo', 'INSERT', 173, NULL, 'Cliente: 9, Livro: 17, Data: 2025-09-12', 'root@localhost', '2025-09-15 19:22:42', NULL),
(660, 'emprestimo', 'INSERT', 174, NULL, 'Cliente: 10, Livro: 18, Data: 2025-09-12', 'root@localhost', '2025-09-15 19:22:42', NULL),
(661, 'emprestimo', 'INSERT', 175, NULL, 'Cliente: 11, Livro: 19, Data: 2025-07-10', 'root@localhost', '2025-09-15 19:22:42', NULL),
(662, 'emprestimo', 'INSERT', 176, NULL, 'Cliente: 12, Livro: 20, Data: 2025-09-06', 'root@localhost', '2025-09-15 19:22:42', NULL),
(663, 'emprestimo', 'INSERT', 177, NULL, 'Cliente: 13, Livro: 21, Data: 2025-09-04', 'root@localhost', '2025-09-15 19:22:42', NULL),
(664, 'emprestimo', 'INSERT', 178, NULL, 'Cliente: 3, Livro: 22, Data: 2025-05-14', 'root@localhost', '2025-09-15 19:22:42', NULL),
(665, 'emprestimo', 'INSERT', 179, NULL, 'Cliente: 8, Livro: 23, Data: 2025-09-03', 'root@localhost', '2025-09-15 19:22:42', NULL),
(666, 'emprestimo', 'INSERT', 180, NULL, 'Cliente: 9, Livro: 24, Data: 2025-06-04', 'root@localhost', '2025-09-15 19:22:42', NULL),
(667, 'emprestimo', 'INSERT', 181, NULL, 'Cliente: 10, Livro: 25, Data: 2025-05-02', 'root@localhost', '2025-09-15 19:22:42', NULL),
(668, 'emprestimo', 'INSERT', 182, NULL, 'Cliente: 11, Livro: 26, Data: 2025-06-13', 'root@localhost', '2025-09-15 19:22:42', NULL),
(669, 'emprestimo', 'INSERT', 183, NULL, 'Cliente: 12, Livro: 27, Data: 2025-08-08', 'root@localhost', '2025-09-15 19:22:42', NULL),
(670, 'emprestimo', 'INSERT', 184, NULL, 'Cliente: 13, Livro: 28, Data: 2025-09-01', 'root@localhost', '2025-09-15 19:22:42', NULL),
(671, 'emprestimo', 'INSERT', 185, NULL, 'Cliente: 3, Livro: 29, Data: 2025-09-06', 'root@localhost', '2025-09-15 19:22:42', NULL),
(672, 'emprestimo', 'INSERT', 186, NULL, 'Cliente: 8, Livro: 30, Data: 2025-09-12', 'root@localhost', '2025-09-15 19:22:42', NULL),
(673, 'emprestimo', 'INSERT', 187, NULL, 'Cliente: 9, Livro: 31, Data: 2025-09-02', 'root@localhost', '2025-09-15 19:22:42', NULL),
(674, 'emprestimo', 'INSERT', 188, NULL, 'Cliente: 10, Livro: 32, Data: 2025-09-02', 'root@localhost', '2025-09-15 19:22:42', NULL),
(675, 'emprestimo', 'INSERT', 189, NULL, 'Cliente: 11, Livro: 33, Data: 2025-08-14', 'root@localhost', '2025-09-15 19:22:42', NULL),
(676, 'emprestimo', 'INSERT', 190, NULL, 'Cliente: 12, Livro: 34, Data: 2025-08-25', 'root@localhost', '2025-09-15 19:22:42', NULL),
(677, 'emprestimo', 'INSERT', 191, NULL, 'Cliente: 13, Livro: 35, Data: 2025-09-08', 'root@localhost', '2025-09-15 19:22:42', NULL),
(678, 'emprestimo', 'INSERT', 192, NULL, 'Cliente: 3, Livro: 36, Data: 2025-09-02', 'root@localhost', '2025-09-15 19:22:42', NULL),
(679, 'emprestimo', 'INSERT', 193, NULL, 'Cliente: 8, Livro: 37, Data: 2025-08-04', 'root@localhost', '2025-09-15 19:22:42', NULL),
(680, 'emprestimo', 'INSERT', 194, NULL, 'Cliente: 9, Livro: 38, Data: 2025-08-25', 'root@localhost', '2025-09-15 19:22:42', NULL),
(681, 'emprestimo', 'INSERT', 195, NULL, 'Cliente: 10, Livro: 39, Data: 2025-08-12', 'root@localhost', '2025-09-15 19:22:42', NULL),
(682, 'emprestimo', 'INSERT', 196, NULL, 'Cliente: 11, Livro: 40, Data: 2025-04-24', 'root@localhost', '2025-09-15 19:22:42', NULL),
(683, 'emprestimo', 'INSERT', 197, NULL, 'Cliente: 12, Livro: 41, Data: 2025-08-26', 'root@localhost', '2025-09-15 19:22:42', NULL),
(684, 'emprestimo', 'INSERT', 198, NULL, 'Cliente: 13, Livro: 42, Data: 2025-08-22', 'root@localhost', '2025-09-15 19:22:42', NULL),
(685, 'emprestimo', 'INSERT', 199, NULL, 'Cliente: 3, Livro: 43, Data: 2025-08-11', 'root@localhost', '2025-09-15 19:22:42', NULL),
(686, 'emprestimo', 'INSERT', 200, NULL, 'Cliente: 8, Livro: 44, Data: 2025-06-06', 'root@localhost', '2025-09-15 19:22:42', NULL),
(687, 'emprestimo', 'INSERT', 201, NULL, 'Cliente: 9, Livro: 45, Data: 2025-08-08', 'root@localhost', '2025-09-15 19:22:42', NULL),
(688, 'emprestimo', 'INSERT', 202, NULL, 'Cliente: 10, Livro: 46, Data: 2025-04-02', 'root@localhost', '2025-09-15 19:22:42', NULL),
(689, 'emprestimo', 'INSERT', 203, NULL, 'Cliente: 11, Livro: 47, Data: 2025-09-07', 'root@localhost', '2025-09-15 19:22:42', NULL),
(690, 'emprestimo', 'INSERT', 204, NULL, 'Cliente: 12, Livro: 48, Data: 2025-07-29', 'root@localhost', '2025-09-15 19:22:42', NULL),
(691, 'emprestimo', 'INSERT', 205, NULL, 'Cliente: 13, Livro: 49, Data: 2025-08-15', 'root@localhost', '2025-09-15 19:22:42', NULL),
(692, 'emprestimo', 'INSERT', 206, NULL, 'Cliente: 3, Livro: 50, Data: 2025-09-01', 'root@localhost', '2025-09-15 19:22:42', NULL),
(693, 'emprestimo', 'INSERT', 207, NULL, 'Cliente: 8, Livro: 51, Data: 2025-06-29', 'root@localhost', '2025-09-15 19:22:42', NULL),
(694, 'emprestimo', 'INSERT', 208, NULL, 'Cliente: 9, Livro: 52, Data: 2025-07-05', 'root@localhost', '2025-09-15 19:22:42', NULL),
(695, 'emprestimo', 'INSERT', 209, NULL, 'Cliente: 10, Livro: 53, Data: 2025-07-02', 'root@localhost', '2025-09-15 19:22:42', NULL),
(696, 'emprestimo', 'INSERT', 210, NULL, 'Cliente: 11, Livro: 54, Data: 2025-08-02', 'root@localhost', '2025-09-15 19:22:42', NULL),
(697, 'emprestimo', 'INSERT', 211, NULL, 'Cliente: 12, Livro: 55, Data: 2025-09-01', 'root@localhost', '2025-09-15 19:22:42', NULL),
(698, 'emprestimo', 'INSERT', 212, NULL, 'Cliente: 13, Livro: 56, Data: 2025-09-01', 'root@localhost', '2025-09-15 19:22:42', NULL),
(699, 'emprestimo', 'INSERT', 213, NULL, 'Cliente: 3, Livro: 57, Data: 2025-05-17', 'root@localhost', '2025-09-15 19:22:42', NULL),
(700, 'emprestimo', 'INSERT', 214, NULL, 'Cliente: 8, Livro: 58, Data: 2025-06-26', 'root@localhost', '2025-09-15 19:22:42', NULL),
(701, 'emprestimo', 'INSERT', 215, NULL, 'Cliente: 9, Livro: 59, Data: 2025-04-22', 'root@localhost', '2025-09-15 19:22:42', NULL),
(702, 'emprestimo', 'INSERT', 216, NULL, 'Cliente: 10, Livro: 60, Data: 2025-09-06', 'root@localhost', '2025-09-15 19:22:42', NULL),
(703, 'emprestimo', 'INSERT', 217, NULL, 'Cliente: 11, Livro: 61, Data: 2025-09-08', 'root@localhost', '2025-09-15 19:22:42', NULL),
(704, 'emprestimo', 'INSERT', 218, NULL, 'Cliente: 12, Livro: 62, Data: 2025-09-06', 'root@localhost', '2025-09-15 19:22:42', NULL),
(705, 'emprestimo', 'INSERT', 219, NULL, 'Cliente: 13, Livro: 63, Data: 2025-09-05', 'root@localhost', '2025-09-15 19:22:42', NULL),
(706, 'emprestimo', 'INSERT', 220, NULL, 'Cliente: 3, Livro: 64, Data: 2025-07-04', 'root@localhost', '2025-09-15 19:22:42', NULL),
(707, 'emprestimo', 'INSERT', 221, NULL, 'Cliente: 8, Livro: 65, Data: 2025-07-25', 'root@localhost', '2025-09-15 19:22:42', NULL),
(708, 'emprestimo', 'INSERT', 222, NULL, 'Cliente: 9, Livro: 66, Data: 2025-08-28', 'root@localhost', '2025-09-15 19:22:42', NULL),
(709, 'emprestimo', 'INSERT', 223, NULL, 'Cliente: 10, Livro: 67, Data: 2025-08-26', 'root@localhost', '2025-09-15 19:22:42', NULL),
(710, 'emprestimo', 'INSERT', 224, NULL, 'Cliente: 11, Livro: 68, Data: 2025-08-26', 'root@localhost', '2025-09-15 19:22:42', NULL),
(711, 'emprestimo', 'INSERT', 225, NULL, 'Cliente: 12, Livro: 69, Data: 2025-09-01', 'root@localhost', '2025-09-15 19:22:42', NULL),
(712, 'emprestimo', 'INSERT', 226, NULL, 'Cliente: 13, Livro: 70, Data: 2025-08-10', 'root@localhost', '2025-09-15 19:22:42', NULL),
(713, 'emprestimo', 'INSERT', 227, NULL, 'Cliente: 3, Livro: 71, Data: 2025-08-11', 'root@localhost', '2025-09-15 19:22:42', NULL),
(714, 'emprestimo', 'INSERT', 228, NULL, 'Cliente: 8, Livro: 72, Data: 2025-05-28', 'root@localhost', '2025-09-15 19:22:42', NULL),
(715, 'emprestimo', 'INSERT', 229, NULL, 'Cliente: 9, Livro: 73, Data: 2025-09-06', 'root@localhost', '2025-09-15 19:22:42', NULL),
(716, 'emprestimo', 'INSERT', 230, NULL, 'Cliente: 10, Livro: 74, Data: 2025-06-27', 'root@localhost', '2025-09-15 19:22:42', NULL),
(717, 'emprestimo', 'INSERT', 231, NULL, 'Cliente: 11, Livro: 75, Data: 2025-09-14', 'root@localhost', '2025-09-15 19:22:42', NULL),
(718, 'emprestimo', 'INSERT', 232, NULL, 'Cliente: 12, Livro: 76, Data: 2025-09-07', 'root@localhost', '2025-09-15 19:22:42', NULL),
(719, 'emprestimo', 'INSERT', 233, NULL, 'Cliente: 13, Livro: 77, Data: 2025-07-26', 'root@localhost', '2025-09-15 19:22:42', NULL),
(720, 'emprestimo', 'INSERT', 234, NULL, 'Cliente: 3, Livro: 78, Data: 2025-07-29', 'root@localhost', '2025-09-15 19:22:42', NULL),
(721, 'emprestimo', 'INSERT', 235, NULL, 'Cliente: 8, Livro: 79, Data: 2025-09-12', 'root@localhost', '2025-09-15 19:22:42', NULL),
(722, 'emprestimo', 'INSERT', 236, NULL, 'Cliente: 9, Livro: 80, Data: 2025-06-26', 'root@localhost', '2025-09-15 19:22:42', NULL),
(723, 'emprestimo', 'INSERT', 237, NULL, 'Cliente: 10, Livro: 81, Data: 2025-04-24', 'root@localhost', '2025-09-15 19:22:42', NULL),
(724, 'emprestimo', 'INSERT', 238, NULL, 'Cliente: 11, Livro: 82, Data: 2025-06-01', 'root@localhost', '2025-09-15 19:22:42', NULL),
(725, 'emprestimo', 'INSERT', 239, NULL, 'Cliente: 12, Livro: 83, Data: 2025-06-20', 'root@localhost', '2025-09-15 19:22:42', NULL),
(726, 'emprestimo', 'INSERT', 240, NULL, 'Cliente: 13, Livro: 84, Data: 2025-09-03', 'root@localhost', '2025-09-15 19:22:42', NULL),
(727, 'emprestimo', 'INSERT', 241, NULL, 'Cliente: 3, Livro: 85, Data: 2025-09-11', 'root@localhost', '2025-09-15 19:22:42', NULL),
(728, 'emprestimo', 'INSERT', 242, NULL, 'Cliente: 8, Livro: 86, Data: 2025-08-08', 'root@localhost', '2025-09-15 19:22:42', NULL),
(729, 'emprestimo', 'INSERT', 243, NULL, 'Cliente: 9, Livro: 87, Data: 2025-06-18', 'root@localhost', '2025-09-15 19:22:42', NULL),
(730, 'emprestimo', 'INSERT', 244, NULL, 'Cliente: 10, Livro: 88, Data: 2025-08-04', 'root@localhost', '2025-09-15 19:22:42', NULL),
(731, 'emprestimo', 'INSERT', 245, NULL, 'Cliente: 11, Livro: 89, Data: 2025-09-13', 'root@localhost', '2025-09-15 19:22:42', NULL),
(732, 'emprestimo', 'INSERT', 246, NULL, 'Cliente: 12, Livro: 90, Data: 2025-08-02', 'root@localhost', '2025-09-15 19:22:42', NULL),
(733, 'emprestimo', 'INSERT', 247, NULL, 'Cliente: 13, Livro: 91, Data: 2025-08-25', 'root@localhost', '2025-09-15 19:22:42', NULL),
(734, 'emprestimo', 'INSERT', 248, NULL, 'Cliente: 3, Livro: 92, Data: 2025-04-09', 'root@localhost', '2025-09-15 19:22:42', NULL),
(735, 'emprestimo', 'INSERT', 249, NULL, 'Cliente: 8, Livro: 93, Data: 2025-09-02', 'root@localhost', '2025-09-15 19:22:42', NULL),
(736, 'emprestimo', 'INSERT', 250, NULL, 'Cliente: 9, Livro: 94, Data: 2025-07-04', 'root@localhost', '2025-09-15 19:22:42', NULL),
(737, 'emprestimo', 'INSERT', 251, NULL, 'Cliente: 10, Livro: 95, Data: 2025-09-06', 'root@localhost', '2025-09-15 19:22:42', NULL),
(738, 'emprestimo', 'INSERT', 252, NULL, 'Cliente: 11, Livro: 96, Data: 2025-04-22', 'root@localhost', '2025-09-15 19:22:42', NULL),
(739, 'emprestimo', 'INSERT', 253, NULL, 'Cliente: 12, Livro: 97, Data: 2025-07-20', 'root@localhost', '2025-09-15 19:22:42', NULL),
(740, 'emprestimo', 'INSERT', 254, NULL, 'Cliente: 13, Livro: 98, Data: 2025-08-06', 'root@localhost', '2025-09-15 19:22:42', NULL),
(741, 'emprestimo', 'INSERT', 255, NULL, 'Cliente: 3, Livro: 99, Data: 2025-09-12', 'root@localhost', '2025-09-15 19:22:42', NULL),
(742, 'emprestimo', 'INSERT', 256, NULL, 'Cliente: 8, Livro: 100, Data: 2025-04-11', 'root@localhost', '2025-09-15 19:22:42', NULL),
(743, 'emprestimo', 'INSERT', 257, NULL, 'Cliente: 9, Livro: 1, Data: 2025-08-30', 'root@localhost', '2025-09-15 19:22:42', NULL),
(744, 'emprestimo', 'INSERT', 258, NULL, 'Cliente: 10, Livro: 2, Data: 2025-09-03', 'root@localhost', '2025-09-15 19:22:42', NULL),
(745, 'emprestimo', 'INSERT', 259, NULL, 'Cliente: 11, Livro: 3, Data: 2025-09-06', 'root@localhost', '2025-09-15 19:22:42', NULL),
(746, 'emprestimo', 'INSERT', 260, NULL, 'Cliente: 12, Livro: 4, Data: 2025-09-06', 'root@localhost', '2025-09-15 19:22:42', NULL),
(747, 'emprestimo', 'INSERT', 261, NULL, 'Cliente: 13, Livro: 5, Data: 2025-08-08', 'root@localhost', '2025-09-15 19:22:42', NULL),
(748, 'emprestimo', 'INSERT', 262, NULL, 'Cliente: 3, Livro: 6, Data: 2025-09-13', 'root@localhost', '2025-09-15 19:22:42', NULL),
(749, 'emprestimo', 'INSERT', 263, NULL, 'Cliente: 8, Livro: 7, Data: 2025-09-08', 'root@localhost', '2025-09-15 19:22:42', NULL),
(750, 'emprestimo', 'INSERT', 264, NULL, 'Cliente: 9, Livro: 8, Data: 2025-05-16', 'root@localhost', '2025-09-15 19:22:42', NULL),
(751, 'emprestimo', 'INSERT', 265, NULL, 'Cliente: 10, Livro: 9, Data: 2025-06-16', 'root@localhost', '2025-09-15 19:22:42', NULL),
(752, 'emprestimo', 'INSERT', 266, NULL, 'Cliente: 11, Livro: 10, Data: 2025-09-01', 'root@localhost', '2025-09-15 19:22:42', NULL),
(753, 'emprestimo', 'INSERT', 267, NULL, 'Cliente: 12, Livro: 11, Data: 2025-09-02', 'root@localhost', '2025-09-15 19:22:42', NULL),
(754, 'emprestimo', 'INSERT', 268, NULL, 'Cliente: 13, Livro: 12, Data: 2025-09-10', 'root@localhost', '2025-09-15 19:22:42', NULL),
(755, 'emprestimo', 'INSERT', 269, NULL, 'Cliente: 3, Livro: 13, Data: 2025-09-02', 'root@localhost', '2025-09-15 19:22:42', NULL),
(756, 'emprestimo', 'INSERT', 270, NULL, 'Cliente: 8, Livro: 14, Data: 2025-09-10', 'root@localhost', '2025-09-15 19:22:42', NULL),
(757, 'emprestimo', 'INSERT', 271, NULL, 'Cliente: 9, Livro: 15, Data: 2025-07-16', 'root@localhost', '2025-09-15 19:22:42', NULL),
(758, 'emprestimo', 'INSERT', 272, NULL, 'Cliente: 10, Livro: 16, Data: 2025-05-10', 'root@localhost', '2025-09-15 19:22:42', NULL),
(759, 'emprestimo', 'INSERT', 273, NULL, 'Cliente: 11, Livro: 17, Data: 2025-09-09', 'root@localhost', '2025-09-15 19:22:42', NULL),
(760, 'emprestimo', 'INSERT', 274, NULL, 'Cliente: 12, Livro: 18, Data: 2025-04-28', 'root@localhost', '2025-09-15 19:22:42', NULL),
(761, 'emprestimo', 'INSERT', 275, NULL, 'Cliente: 13, Livro: 19, Data: 2025-09-03', 'root@localhost', '2025-09-15 19:22:42', NULL),
(762, 'emprestimo', 'INSERT', 276, NULL, 'Cliente: 3, Livro: 20, Data: 2025-09-14', 'root@localhost', '2025-09-15 19:22:42', NULL),
(763, 'emprestimo', 'INSERT', 277, NULL, 'Cliente: 3, Livro: 1, Data: 2025-09-11', 'root@localhost', '2025-09-15 19:23:57', NULL),
(764, 'emprestimo', 'INSERT', 278, NULL, 'Cliente: 8, Livro: 2, Data: 2025-09-05', 'root@localhost', '2025-09-15 19:23:57', NULL),
(765, 'emprestimo', 'INSERT', 279, NULL, 'Cliente: 9, Livro: 3, Data: 2025-09-04', 'root@localhost', '2025-09-15 19:23:57', NULL),
(766, 'emprestimo', 'INSERT', 280, NULL, 'Cliente: 10, Livro: 4, Data: 2025-04-12', 'root@localhost', '2025-09-15 19:23:57', NULL),
(767, 'emprestimo', 'INSERT', 281, NULL, 'Cliente: 11, Livro: 5, Data: 2025-09-12', 'root@localhost', '2025-09-15 19:23:57', NULL),
(768, 'emprestimo', 'INSERT', 282, NULL, 'Cliente: 12, Livro: 6, Data: 2025-09-03', 'root@localhost', '2025-09-15 19:23:57', NULL),
(769, 'emprestimo', 'INSERT', 283, NULL, 'Cliente: 13, Livro: 7, Data: 2025-06-03', 'root@localhost', '2025-09-15 19:23:57', NULL),
(770, 'emprestimo', 'INSERT', 284, NULL, 'Cliente: 3, Livro: 8, Data: 2025-09-05', 'root@localhost', '2025-09-15 19:23:57', NULL),
(771, 'emprestimo', 'INSERT', 285, NULL, 'Cliente: 8, Livro: 9, Data: 2025-09-12', 'root@localhost', '2025-09-15 19:23:57', NULL),
(772, 'emprestimo', 'INSERT', 286, NULL, 'Cliente: 9, Livro: 10, Data: 2025-09-12', 'root@localhost', '2025-09-15 19:23:57', NULL),
(773, 'emprestimo', 'INSERT', 287, NULL, 'Cliente: 10, Livro: 11, Data: 2025-09-02', 'root@localhost', '2025-09-15 19:23:57', NULL),
(774, 'emprestimo', 'INSERT', 288, NULL, 'Cliente: 11, Livro: 12, Data: 2025-09-01', 'root@localhost', '2025-09-15 19:23:57', NULL),
(775, 'emprestimo', 'INSERT', 289, NULL, 'Cliente: 12, Livro: 13, Data: 2025-09-06', 'root@localhost', '2025-09-15 19:23:57', NULL),
(776, 'emprestimo', 'INSERT', 290, NULL, 'Cliente: 13, Livro: 14, Data: 2025-09-14', 'root@localhost', '2025-09-15 19:23:57', NULL),
(777, 'emprestimo', 'INSERT', 291, NULL, 'Cliente: 3, Livro: 15, Data: 2025-09-13', 'root@localhost', '2025-09-15 19:23:57', NULL),
(778, 'emprestimo', 'INSERT', 292, NULL, 'Cliente: 8, Livro: 16, Data: 2025-09-10', 'root@localhost', '2025-09-15 19:23:57', NULL),
(779, 'emprestimo', 'INSERT', 293, NULL, 'Cliente: 9, Livro: 17, Data: 2025-09-10', 'root@localhost', '2025-09-15 19:23:57', NULL),
(780, 'emprestimo', 'INSERT', 294, NULL, 'Cliente: 10, Livro: 18, Data: 2025-08-08', 'root@localhost', '2025-09-15 19:23:57', NULL),
(781, 'emprestimo', 'INSERT', 295, NULL, 'Cliente: 11, Livro: 19, Data: 2025-09-12', 'root@localhost', '2025-09-15 19:23:57', NULL),
(782, 'emprestimo', 'INSERT', 296, NULL, 'Cliente: 12, Livro: 20, Data: 2025-09-08', 'root@localhost', '2025-09-15 19:23:57', NULL),
(783, 'emprestimo', 'INSERT', 297, NULL, 'Cliente: 13, Livro: 21, Data: 2025-09-04', 'root@localhost', '2025-09-15 19:23:57', NULL),
(784, 'emprestimo', 'INSERT', 298, NULL, 'Cliente: 3, Livro: 22, Data: 2025-09-08', 'root@localhost', '2025-09-15 19:23:57', NULL),
(785, 'emprestimo', 'INSERT', 299, NULL, 'Cliente: 8, Livro: 23, Data: 2025-09-08', 'root@localhost', '2025-09-15 19:23:57', NULL),
(786, 'emprestimo', 'INSERT', 300, NULL, 'Cliente: 9, Livro: 24, Data: 2025-09-04', 'root@localhost', '2025-09-15 19:23:57', NULL),
(787, 'emprestimo', 'INSERT', 301, NULL, 'Cliente: 10, Livro: 25, Data: 2025-06-08', 'root@localhost', '2025-09-15 19:23:57', NULL),
(788, 'emprestimo', 'INSERT', 302, NULL, 'Cliente: 11, Livro: 26, Data: 2025-09-07', 'root@localhost', '2025-09-15 19:23:57', NULL);
INSERT INTO `logs_auditoria` (`id`, `tabela`, `operacao`, `id_registro`, `dados_anteriores`, `dados_novos`, `usuario`, `data_operacao`, `ip_usuario`) VALUES
(789, 'emprestimo', 'INSERT', 303, NULL, 'Cliente: 12, Livro: 27, Data: 2025-09-06', 'root@localhost', '2025-09-15 19:23:57', NULL),
(790, 'emprestimo', 'INSERT', 304, NULL, 'Cliente: 13, Livro: 28, Data: 2025-09-04', 'root@localhost', '2025-09-15 19:23:57', NULL),
(791, 'emprestimo', 'INSERT', 305, NULL, 'Cliente: 3, Livro: 29, Data: 2025-09-02', 'root@localhost', '2025-09-15 19:23:57', NULL),
(792, 'emprestimo', 'INSERT', 306, NULL, 'Cliente: 8, Livro: 30, Data: 2025-09-10', 'root@localhost', '2025-09-15 19:23:57', NULL),
(793, 'emprestimo', 'INSERT', 307, NULL, 'Cliente: 9, Livro: 31, Data: 2025-09-07', 'root@localhost', '2025-09-15 19:23:57', NULL),
(794, 'emprestimo', 'INSERT', 308, NULL, 'Cliente: 10, Livro: 32, Data: 2025-06-03', 'root@localhost', '2025-09-15 19:23:57', NULL),
(795, 'emprestimo', 'INSERT', 309, NULL, 'Cliente: 11, Livro: 33, Data: 2025-09-06', 'root@localhost', '2025-09-15 19:23:57', NULL),
(796, 'emprestimo', 'INSERT', 310, NULL, 'Cliente: 12, Livro: 34, Data: 2025-09-01', 'root@localhost', '2025-09-15 19:23:57', NULL),
(797, 'emprestimo', 'INSERT', 311, NULL, 'Cliente: 13, Livro: 35, Data: 2025-09-13', 'root@localhost', '2025-09-15 19:23:57', NULL),
(798, 'emprestimo', 'INSERT', 312, NULL, 'Cliente: 3, Livro: 36, Data: 2025-09-02', 'root@localhost', '2025-09-15 19:23:57', NULL),
(799, 'emprestimo', 'INSERT', 313, NULL, 'Cliente: 8, Livro: 37, Data: 2025-09-11', 'root@localhost', '2025-09-15 19:23:57', NULL),
(800, 'emprestimo', 'INSERT', 314, NULL, 'Cliente: 9, Livro: 38, Data: 2025-09-02', 'root@localhost', '2025-09-15 19:23:57', NULL),
(801, 'emprestimo', 'INSERT', 315, NULL, 'Cliente: 10, Livro: 39, Data: 2025-07-05', 'root@localhost', '2025-09-15 19:23:57', NULL),
(802, 'emprestimo', 'INSERT', 316, NULL, 'Cliente: 11, Livro: 40, Data: 2025-09-06', 'root@localhost', '2025-09-15 19:23:57', NULL),
(803, 'emprestimo', 'INSERT', 317, NULL, 'Cliente: 12, Livro: 41, Data: 2025-09-08', 'root@localhost', '2025-09-15 19:23:57', NULL),
(804, 'emprestimo', 'INSERT', 318, NULL, 'Cliente: 13, Livro: 42, Data: 2025-08-17', 'root@localhost', '2025-09-15 19:23:57', NULL),
(805, 'emprestimo', 'INSERT', 319, NULL, 'Cliente: 3, Livro: 43, Data: 2025-09-13', 'root@localhost', '2025-09-15 19:23:57', NULL),
(806, 'emprestimo', 'INSERT', 320, NULL, 'Cliente: 8, Livro: 44, Data: 2025-09-04', 'root@localhost', '2025-09-15 19:23:57', NULL),
(807, 'emprestimo', 'INSERT', 321, NULL, 'Cliente: 9, Livro: 45, Data: 2025-09-01', 'root@localhost', '2025-09-15 19:23:57', NULL),
(808, 'emprestimo', 'INSERT', 322, NULL, 'Cliente: 10, Livro: 46, Data: 2025-08-07', 'root@localhost', '2025-09-15 19:23:57', NULL),
(809, 'emprestimo', 'INSERT', 323, NULL, 'Cliente: 11, Livro: 47, Data: 2025-09-03', 'root@localhost', '2025-09-15 19:23:57', NULL),
(810, 'emprestimo', 'INSERT', 324, NULL, 'Cliente: 12, Livro: 48, Data: 2025-09-04', 'root@localhost', '2025-09-15 19:23:57', NULL),
(811, 'emprestimo', 'INSERT', 325, NULL, 'Cliente: 13, Livro: 49, Data: 2025-06-16', 'root@localhost', '2025-09-15 19:23:57', NULL),
(812, 'emprestimo', 'INSERT', 326, NULL, 'Cliente: 3, Livro: 50, Data: 2025-05-10', 'root@localhost', '2025-09-15 19:23:57', NULL),
(813, 'emprestimo', 'INSERT', 327, NULL, 'Cliente: 8, Livro: 51, Data: 2025-08-26', 'root@localhost', '2025-09-15 19:23:57', NULL),
(814, 'emprestimo', 'INSERT', 328, NULL, 'Cliente: 9, Livro: 52, Data: 2025-09-10', 'root@localhost', '2025-09-15 19:23:57', NULL),
(815, 'emprestimo', 'INSERT', 329, NULL, 'Cliente: 10, Livro: 53, Data: 2025-09-08', 'root@localhost', '2025-09-15 19:23:57', NULL),
(816, 'emprestimo', 'INSERT', 330, NULL, 'Cliente: 11, Livro: 54, Data: 2025-09-09', 'root@localhost', '2025-09-15 19:23:57', NULL),
(817, 'emprestimo', 'INSERT', 331, NULL, 'Cliente: 12, Livro: 55, Data: 2025-09-14', 'root@localhost', '2025-09-15 19:23:57', NULL),
(818, 'emprestimo', 'INSERT', 332, NULL, 'Cliente: 13, Livro: 56, Data: 2025-08-02', 'root@localhost', '2025-09-15 19:23:57', NULL),
(819, 'emprestimo', 'INSERT', 333, NULL, 'Cliente: 3, Livro: 57, Data: 2025-04-05', 'root@localhost', '2025-09-15 19:23:57', NULL),
(820, 'emprestimo', 'INSERT', 334, NULL, 'Cliente: 8, Livro: 58, Data: 2025-08-22', 'root@localhost', '2025-09-15 19:23:57', NULL),
(821, 'emprestimo', 'INSERT', 335, NULL, 'Cliente: 9, Livro: 59, Data: 2025-09-06', 'root@localhost', '2025-09-15 19:23:57', NULL),
(822, 'emprestimo', 'INSERT', 336, NULL, 'Cliente: 10, Livro: 60, Data: 2025-09-05', 'root@localhost', '2025-09-15 19:23:57', NULL),
(823, 'emprestimo', 'INSERT', 337, NULL, 'Cliente: 11, Livro: 61, Data: 2025-07-15', 'root@localhost', '2025-09-15 19:23:57', NULL),
(824, 'emprestimo', 'INSERT', 338, NULL, 'Cliente: 12, Livro: 62, Data: 2025-09-12', 'root@localhost', '2025-09-15 19:23:57', NULL),
(825, 'emprestimo', 'INSERT', 339, NULL, 'Cliente: 13, Livro: 63, Data: 2025-09-11', 'root@localhost', '2025-09-15 19:23:57', NULL),
(826, 'emprestimo', 'INSERT', 340, NULL, 'Cliente: 3, Livro: 64, Data: 2025-09-13', 'root@localhost', '2025-09-15 19:23:57', NULL),
(827, 'emprestimo', 'INSERT', 341, NULL, 'Cliente: 8, Livro: 65, Data: 2025-07-29', 'root@localhost', '2025-09-15 19:23:57', NULL),
(828, 'emprestimo', 'INSERT', 342, NULL, 'Cliente: 9, Livro: 66, Data: 2025-05-10', 'root@localhost', '2025-09-15 19:23:57', NULL),
(829, 'emprestimo', 'INSERT', 343, NULL, 'Cliente: 10, Livro: 67, Data: 2025-09-08', 'root@localhost', '2025-09-15 19:23:57', NULL),
(830, 'emprestimo', 'INSERT', 344, NULL, 'Cliente: 11, Livro: 68, Data: 2025-09-14', 'root@localhost', '2025-09-15 19:23:57', NULL),
(831, 'emprestimo', 'INSERT', 345, NULL, 'Cliente: 12, Livro: 69, Data: 2025-09-07', 'root@localhost', '2025-09-15 19:23:57', NULL),
(832, 'emprestimo', 'INSERT', 346, NULL, 'Cliente: 13, Livro: 70, Data: 2025-09-11', 'root@localhost', '2025-09-15 19:23:57', NULL),
(833, 'emprestimo', 'INSERT', 347, NULL, 'Cliente: 3, Livro: 71, Data: 2025-09-12', 'root@localhost', '2025-09-15 19:23:57', NULL),
(834, 'emprestimo', 'INSERT', 348, NULL, 'Cliente: 8, Livro: 72, Data: 2025-09-14', 'root@localhost', '2025-09-15 19:23:57', NULL),
(835, 'emprestimo', 'INSERT', 349, NULL, 'Cliente: 9, Livro: 73, Data: 2025-08-17', 'root@localhost', '2025-09-15 19:23:57', NULL),
(836, 'emprestimo', 'INSERT', 350, NULL, 'Cliente: 10, Livro: 74, Data: 2025-09-08', 'root@localhost', '2025-09-15 19:23:57', NULL),
(837, 'emprestimo', 'INSERT', 351, NULL, 'Cliente: 11, Livro: 75, Data: 2025-09-09', 'root@localhost', '2025-09-15 19:23:57', NULL),
(838, 'emprestimo', 'INSERT', 352, NULL, 'Cliente: 12, Livro: 76, Data: 2025-09-02', 'root@localhost', '2025-09-15 19:23:57', NULL),
(839, 'emprestimo', 'INSERT', 353, NULL, 'Cliente: 13, Livro: 77, Data: 2025-06-10', 'root@localhost', '2025-09-15 19:23:57', NULL),
(840, 'emprestimo', 'INSERT', 354, NULL, 'Cliente: 3, Livro: 78, Data: 2025-09-04', 'root@localhost', '2025-09-15 19:23:57', NULL),
(841, 'emprestimo', 'INSERT', 355, NULL, 'Cliente: 8, Livro: 79, Data: 2025-09-06', 'root@localhost', '2025-09-15 19:23:57', NULL),
(842, 'emprestimo', 'INSERT', 356, NULL, 'Cliente: 9, Livro: 80, Data: 2025-09-14', 'root@localhost', '2025-09-15 19:23:57', NULL),
(843, 'emprestimo', 'INSERT', 357, NULL, 'Cliente: 10, Livro: 81, Data: 2025-09-02', 'root@localhost', '2025-09-15 19:23:57', NULL),
(844, 'emprestimo', 'INSERT', 358, NULL, 'Cliente: 11, Livro: 82, Data: 2025-09-02', 'root@localhost', '2025-09-15 19:23:57', NULL),
(845, 'emprestimo', 'INSERT', 359, NULL, 'Cliente: 12, Livro: 83, Data: 2025-09-05', 'root@localhost', '2025-09-15 19:23:57', NULL),
(846, 'emprestimo', 'INSERT', 360, NULL, 'Cliente: 13, Livro: 84, Data: 2025-08-24', 'root@localhost', '2025-09-15 19:23:57', NULL),
(847, 'emprestimo', 'INSERT', 361, NULL, 'Cliente: 3, Livro: 85, Data: 2025-09-04', 'root@localhost', '2025-09-15 19:23:57', NULL),
(848, 'emprestimo', 'INSERT', 362, NULL, 'Cliente: 8, Livro: 86, Data: 2025-08-09', 'root@localhost', '2025-09-15 19:23:57', NULL),
(849, 'emprestimo', 'INSERT', 363, NULL, 'Cliente: 9, Livro: 87, Data: 2025-09-01', 'root@localhost', '2025-09-15 19:23:57', NULL),
(850, 'emprestimo', 'INSERT', 364, NULL, 'Cliente: 10, Livro: 88, Data: 2025-09-06', 'root@localhost', '2025-09-15 19:23:57', NULL),
(851, 'emprestimo', 'INSERT', 365, NULL, 'Cliente: 11, Livro: 89, Data: 2025-08-01', 'root@localhost', '2025-09-15 19:23:57', NULL),
(852, 'emprestimo', 'INSERT', 366, NULL, 'Cliente: 12, Livro: 90, Data: 2025-09-14', 'root@localhost', '2025-09-15 19:23:57', NULL),
(853, 'emprestimo', 'INSERT', 367, NULL, 'Cliente: 13, Livro: 91, Data: 2025-05-26', 'root@localhost', '2025-09-15 19:23:57', NULL),
(854, 'emprestimo', 'INSERT', 368, NULL, 'Cliente: 3, Livro: 92, Data: 2025-09-03', 'root@localhost', '2025-09-15 19:23:57', NULL),
(855, 'emprestimo', 'INSERT', 369, NULL, 'Cliente: 8, Livro: 93, Data: 2025-09-02', 'root@localhost', '2025-09-15 19:23:57', NULL),
(856, 'emprestimo', 'INSERT', 370, NULL, 'Cliente: 9, Livro: 94, Data: 2025-09-01', 'root@localhost', '2025-09-15 19:23:57', NULL),
(857, 'emprestimo', 'INSERT', 371, NULL, 'Cliente: 10, Livro: 95, Data: 2025-09-08', 'root@localhost', '2025-09-15 19:23:57', NULL),
(858, 'emprestimo', 'INSERT', 372, NULL, 'Cliente: 11, Livro: 96, Data: 2025-09-10', 'root@localhost', '2025-09-15 19:23:57', NULL),
(859, 'emprestimo', 'INSERT', 373, NULL, 'Cliente: 12, Livro: 97, Data: 2025-09-06', 'root@localhost', '2025-09-15 19:23:57', NULL),
(860, 'emprestimo', 'INSERT', 374, NULL, 'Cliente: 13, Livro: 98, Data: 2025-09-02', 'root@localhost', '2025-09-15 19:23:57', NULL),
(861, 'emprestimo', 'INSERT', 375, NULL, 'Cliente: 3, Livro: 99, Data: 2025-09-07', 'root@localhost', '2025-09-15 19:23:57', NULL),
(862, 'emprestimo', 'INSERT', 376, NULL, 'Cliente: 8, Livro: 100, Data: 2025-07-15', 'root@localhost', '2025-09-15 19:23:57', NULL),
(863, 'emprestimo', 'INSERT', 377, NULL, 'Cliente: 9, Livro: 1, Data: 2025-09-09', 'root@localhost', '2025-09-15 19:23:57', NULL),
(864, 'emprestimo', 'INSERT', 378, NULL, 'Cliente: 10, Livro: 2, Data: 2025-09-06', 'root@localhost', '2025-09-15 19:23:57', NULL),
(865, 'emprestimo', 'INSERT', 379, NULL, 'Cliente: 11, Livro: 3, Data: 2025-09-03', 'root@localhost', '2025-09-15 19:23:57', NULL),
(866, 'emprestimo', 'INSERT', 380, NULL, 'Cliente: 12, Livro: 4, Data: 2025-09-05', 'root@localhost', '2025-09-15 19:23:57', NULL),
(867, 'emprestimo', 'INSERT', 381, NULL, 'Cliente: 13, Livro: 5, Data: 2025-09-04', 'root@localhost', '2025-09-15 19:23:57', NULL),
(868, 'emprestimo', 'INSERT', 382, NULL, 'Cliente: 3, Livro: 6, Data: 2025-08-19', 'root@localhost', '2025-09-15 19:23:57', NULL),
(869, 'emprestimo', 'INSERT', 383, NULL, 'Cliente: 8, Livro: 7, Data: 2025-06-16', 'root@localhost', '2025-09-15 19:23:57', NULL),
(870, 'emprestimo', 'INSERT', 384, NULL, 'Cliente: 9, Livro: 8, Data: 2025-09-10', 'root@localhost', '2025-09-15 19:23:57', NULL),
(871, 'emprestimo', 'INSERT', 385, NULL, 'Cliente: 10, Livro: 9, Data: 2025-09-10', 'root@localhost', '2025-09-15 19:23:57', NULL),
(872, 'emprestimo', 'INSERT', 386, NULL, 'Cliente: 11, Livro: 10, Data: 2025-09-06', 'root@localhost', '2025-09-15 19:23:57', NULL),
(873, 'emprestimo', 'INSERT', 387, NULL, 'Cliente: 12, Livro: 11, Data: 2025-09-02', 'root@localhost', '2025-09-15 19:23:57', NULL),
(874, 'emprestimo', 'INSERT', 388, NULL, 'Cliente: 13, Livro: 12, Data: 2025-09-02', 'root@localhost', '2025-09-15 19:23:57', NULL),
(875, 'emprestimo', 'INSERT', 389, NULL, 'Cliente: 3, Livro: 13, Data: 2025-08-16', 'root@localhost', '2025-09-15 19:23:57', NULL),
(876, 'emprestimo', 'INSERT', 390, NULL, 'Cliente: 8, Livro: 14, Data: 2025-09-05', 'root@localhost', '2025-09-15 19:23:57', NULL),
(877, 'emprestimo', 'INSERT', 391, NULL, 'Cliente: 9, Livro: 15, Data: 2025-09-14', 'root@localhost', '2025-09-15 19:23:57', NULL),
(878, 'emprestimo', 'INSERT', 392, NULL, 'Cliente: 10, Livro: 16, Data: 2025-07-04', 'root@localhost', '2025-09-15 19:23:57', NULL),
(879, 'emprestimo', 'INSERT', 393, NULL, 'Cliente: 11, Livro: 17, Data: 2025-05-28', 'root@localhost', '2025-09-15 19:23:57', NULL),
(880, 'emprestimo', 'INSERT', 394, NULL, 'Cliente: 12, Livro: 18, Data: 2025-09-14', 'root@localhost', '2025-09-15 19:23:57', NULL),
(881, 'emprestimo', 'INSERT', 395, NULL, 'Cliente: 13, Livro: 19, Data: 2025-08-17', 'root@localhost', '2025-09-15 19:23:57', NULL),
(882, 'emprestimo', 'INSERT', 396, NULL, 'Cliente: 3, Livro: 20, Data: 2025-09-04', 'root@localhost', '2025-09-15 19:23:57', NULL),
(883, 'emprestimo', 'INSERT', 397, NULL, 'Cliente: 8, Livro: 21, Data: 2025-09-13', 'root@localhost', '2025-09-15 19:23:57', NULL),
(884, 'emprestimo', 'INSERT', 398, NULL, 'Cliente: 9, Livro: 22, Data: 2025-09-11', 'root@localhost', '2025-09-15 19:23:57', NULL),
(885, 'emprestimo', 'INSERT', 399, NULL, 'Cliente: 10, Livro: 23, Data: 2025-08-26', 'root@localhost', '2025-09-15 19:23:57', NULL),
(886, 'emprestimo', 'INSERT', 400, NULL, 'Cliente: 11, Livro: 24, Data: 2025-09-13', 'root@localhost', '2025-09-15 19:23:57', NULL),
(887, 'emprestimo', 'INSERT', 401, NULL, 'Cliente: 12, Livro: 25, Data: 2025-09-08', 'root@localhost', '2025-09-15 19:23:57', NULL),
(888, 'emprestimo', 'INSERT', 402, NULL, 'Cliente: 13, Livro: 26, Data: 2025-08-13', 'root@localhost', '2025-09-15 19:23:57', NULL),
(889, 'emprestimo', 'INSERT', 403, NULL, 'Cliente: 3, Livro: 27, Data: 2025-09-10', 'root@localhost', '2025-09-15 19:23:57', NULL),
(890, 'emprestimo', 'INSERT', 404, NULL, 'Cliente: 8, Livro: 28, Data: 2025-09-07', 'root@localhost', '2025-09-15 19:23:57', NULL),
(891, 'emprestimo', 'INSERT', 405, NULL, 'Cliente: 9, Livro: 29, Data: 2025-09-06', 'root@localhost', '2025-09-15 19:23:57', NULL),
(892, 'emprestimo', 'INSERT', 406, NULL, 'Cliente: 10, Livro: 30, Data: 2025-08-14', 'root@localhost', '2025-09-15 19:23:57', NULL),
(893, 'emprestimo', 'INSERT', 407, NULL, 'Cliente: 11, Livro: 31, Data: 2025-09-05', 'root@localhost', '2025-09-15 19:23:57', NULL),
(894, 'emprestimo', 'INSERT', 408, NULL, 'Cliente: 12, Livro: 32, Data: 2025-09-01', 'root@localhost', '2025-09-15 19:23:57', NULL),
(895, 'emprestimo', 'INSERT', 409, NULL, 'Cliente: 13, Livro: 33, Data: 2025-09-02', 'root@localhost', '2025-09-15 19:23:57', NULL),
(896, 'emprestimo', 'INSERT', 410, NULL, 'Cliente: 3, Livro: 34, Data: 2025-07-09', 'root@localhost', '2025-09-15 19:23:57', NULL),
(897, 'emprestimo', 'INSERT', 411, NULL, 'Cliente: 8, Livro: 35, Data: 2025-09-11', 'root@localhost', '2025-09-15 19:23:57', NULL),
(898, 'emprestimo', 'INSERT', 412, NULL, 'Cliente: 9, Livro: 36, Data: 2025-08-21', 'root@localhost', '2025-09-15 19:23:57', NULL),
(899, 'emprestimo', 'INSERT', 413, NULL, 'Cliente: 10, Livro: 37, Data: 2025-09-03', 'root@localhost', '2025-09-15 19:23:57', NULL),
(900, 'emprestimo', 'INSERT', 414, NULL, 'Cliente: 11, Livro: 38, Data: 2025-09-09', 'root@localhost', '2025-09-15 19:23:57', NULL),
(901, 'emprestimo', 'INSERT', 415, NULL, 'Cliente: 12, Livro: 39, Data: 2025-09-14', 'root@localhost', '2025-09-15 19:23:57', NULL),
(902, 'emprestimo', 'INSERT', 416, NULL, 'Cliente: 13, Livro: 40, Data: 2025-05-03', 'root@localhost', '2025-09-15 19:23:57', NULL),
(903, 'emprestimo', 'INSERT', 417, NULL, 'Cliente: 3, Livro: 41, Data: 2025-09-11', 'root@localhost', '2025-09-15 19:23:57', NULL),
(904, 'emprestimo', 'INSERT', 418, NULL, 'Cliente: 8, Livro: 42, Data: 2025-09-02', 'root@localhost', '2025-09-15 19:23:57', NULL),
(905, 'emprestimo', 'INSERT', 419, NULL, 'Cliente: 9, Livro: 43, Data: 2025-09-07', 'root@localhost', '2025-09-15 19:23:57', NULL),
(906, 'emprestimo', 'INSERT', 420, NULL, 'Cliente: 10, Livro: 44, Data: 2025-09-01', 'root@localhost', '2025-09-15 19:23:57', NULL),
(907, 'emprestimo', 'INSERT', 421, NULL, 'Cliente: 11, Livro: 45, Data: 2025-09-01', 'root@localhost', '2025-09-15 19:23:57', NULL),
(908, 'emprestimo', 'INSERT', 422, NULL, 'Cliente: 12, Livro: 46, Data: 2025-09-14', 'root@localhost', '2025-09-15 19:23:57', NULL),
(909, 'emprestimo', 'INSERT', 423, NULL, 'Cliente: 13, Livro: 47, Data: 2025-09-08', 'root@localhost', '2025-09-15 19:23:57', NULL),
(910, 'emprestimo', 'INSERT', 424, NULL, 'Cliente: 3, Livro: 48, Data: 2025-09-09', 'root@localhost', '2025-09-15 19:23:57', NULL),
(911, 'emprestimo', 'INSERT', 425, NULL, 'Cliente: 8, Livro: 49, Data: 2025-09-01', 'root@localhost', '2025-09-15 19:23:57', NULL),
(912, 'emprestimo', 'INSERT', 426, NULL, 'Cliente: 9, Livro: 50, Data: 2025-06-01', 'root@localhost', '2025-09-15 19:23:57', NULL),
(913, 'emprestimo', 'INSERT', 427, NULL, 'Cliente: 10, Livro: 51, Data: 2025-09-14', 'root@localhost', '2025-09-15 19:23:57', NULL),
(914, 'emprestimo', 'INSERT', 428, NULL, 'Cliente: 11, Livro: 52, Data: 2025-09-05', 'root@localhost', '2025-09-15 19:23:57', NULL),
(915, 'emprestimo', 'INSERT', 429, NULL, 'Cliente: 12, Livro: 53, Data: 2025-09-12', 'root@localhost', '2025-09-15 19:23:57', NULL),
(916, 'emprestimo', 'INSERT', 430, NULL, 'Cliente: 13, Livro: 54, Data: 2025-04-24', 'root@localhost', '2025-09-15 19:23:57', NULL),
(917, 'emprestimo', 'INSERT', 431, NULL, 'Cliente: 3, Livro: 55, Data: 2025-09-07', 'root@localhost', '2025-09-15 19:23:57', NULL),
(918, 'emprestimo', 'INSERT', 432, NULL, 'Cliente: 8, Livro: 56, Data: 2025-09-01', 'root@localhost', '2025-09-15 19:23:57', NULL),
(919, 'emprestimo', 'INSERT', 433, NULL, 'Cliente: 9, Livro: 57, Data: 2025-09-03', 'root@localhost', '2025-09-15 19:23:57', NULL),
(920, 'emprestimo', 'INSERT', 434, NULL, 'Cliente: 10, Livro: 58, Data: 2025-08-16', 'root@localhost', '2025-09-15 19:23:57', NULL),
(921, 'emprestimo', 'INSERT', 435, NULL, 'Cliente: 11, Livro: 59, Data: 2025-09-01', 'root@localhost', '2025-09-15 19:23:57', NULL),
(922, 'emprestimo', 'INSERT', 436, NULL, 'Cliente: 12, Livro: 60, Data: 2025-07-24', 'root@localhost', '2025-09-15 19:23:57', NULL),
(923, 'emprestimo', 'INSERT', 437, NULL, 'Cliente: 13, Livro: 61, Data: 2025-09-02', 'root@localhost', '2025-09-15 19:23:57', NULL),
(924, 'emprestimo', 'INSERT', 438, NULL, 'Cliente: 3, Livro: 62, Data: 2025-09-13', 'root@localhost', '2025-09-15 19:23:57', NULL),
(925, 'emprestimo', 'INSERT', 439, NULL, 'Cliente: 8, Livro: 63, Data: 2025-09-06', 'root@localhost', '2025-09-15 19:23:57', NULL),
(926, 'emprestimo', 'INSERT', 440, NULL, 'Cliente: 9, Livro: 64, Data: 2025-09-12', 'root@localhost', '2025-09-15 19:23:57', NULL),
(927, 'emprestimo', 'INSERT', 441, NULL, 'Cliente: 10, Livro: 65, Data: 2025-08-05', 'root@localhost', '2025-09-15 19:23:57', NULL),
(928, 'emprestimo', 'INSERT', 442, NULL, 'Cliente: 11, Livro: 66, Data: 2025-09-04', 'root@localhost', '2025-09-15 19:23:57', NULL),
(929, 'emprestimo', 'INSERT', 443, NULL, 'Cliente: 12, Livro: 67, Data: 2025-08-19', 'root@localhost', '2025-09-15 19:23:57', NULL),
(930, 'emprestimo', 'INSERT', 444, NULL, 'Cliente: 13, Livro: 68, Data: 2025-09-01', 'root@localhost', '2025-09-15 19:23:57', NULL),
(931, 'emprestimo', 'INSERT', 445, NULL, 'Cliente: 3, Livro: 69, Data: 2025-09-05', 'root@localhost', '2025-09-15 19:23:57', NULL),
(932, 'emprestimo', 'INSERT', 446, NULL, 'Cliente: 8, Livro: 70, Data: 2025-09-03', 'root@localhost', '2025-09-15 19:23:57', NULL),
(933, 'emprestimo', 'INSERT', 447, NULL, 'Cliente: 9, Livro: 71, Data: 2025-09-10', 'root@localhost', '2025-09-15 19:23:57', NULL),
(934, 'emprestimo', 'INSERT', 448, NULL, 'Cliente: 10, Livro: 72, Data: 2025-09-01', 'root@localhost', '2025-09-15 19:23:57', NULL),
(935, 'emprestimo', 'INSERT', 449, NULL, 'Cliente: 11, Livro: 73, Data: 2025-08-02', 'root@localhost', '2025-09-15 19:23:57', NULL),
(936, 'emprestimo', 'INSERT', 450, NULL, 'Cliente: 12, Livro: 74, Data: 2025-09-09', 'root@localhost', '2025-09-15 19:23:57', NULL),
(937, 'emprestimo', 'INSERT', 451, NULL, 'Cliente: 13, Livro: 75, Data: 2025-09-11', 'root@localhost', '2025-09-15 19:23:57', NULL),
(938, 'emprestimo', 'INSERT', 452, NULL, 'Cliente: 3, Livro: 76, Data: 2025-09-03', 'root@localhost', '2025-09-15 19:23:57', NULL),
(939, 'emprestimo', 'INSERT', 453, NULL, 'Cliente: 8, Livro: 77, Data: 2025-06-08', 'root@localhost', '2025-09-15 19:23:57', NULL),
(940, 'emprestimo', 'INSERT', 454, NULL, 'Cliente: 9, Livro: 78, Data: 2025-09-06', 'root@localhost', '2025-09-15 19:23:57', NULL),
(941, 'emprestimo', 'INSERT', 455, NULL, 'Cliente: 10, Livro: 79, Data: 2025-05-08', 'root@localhost', '2025-09-15 19:23:57', NULL),
(942, 'emprestimo', 'INSERT', 456, NULL, 'Cliente: 11, Livro: 80, Data: 2025-09-07', 'root@localhost', '2025-09-15 19:23:57', NULL),
(943, 'emprestimo', 'INSERT', 457, NULL, 'Cliente: 12, Livro: 81, Data: 2025-09-14', 'root@localhost', '2025-09-15 19:23:57', NULL),
(944, 'emprestimo', 'INSERT', 458, NULL, 'Cliente: 13, Livro: 82, Data: 2025-09-10', 'root@localhost', '2025-09-15 19:23:57', NULL),
(945, 'emprestimo', 'INSERT', 459, NULL, 'Cliente: 3, Livro: 83, Data: 2025-09-03', 'root@localhost', '2025-09-15 19:23:57', NULL),
(946, 'emprestimo', 'INSERT', 460, NULL, 'Cliente: 8, Livro: 84, Data: 2025-05-19', 'root@localhost', '2025-09-15 19:23:57', NULL),
(947, 'emprestimo', 'INSERT', 461, NULL, 'Cliente: 9, Livro: 85, Data: 2025-09-01', 'root@localhost', '2025-09-15 19:23:57', NULL),
(948, 'emprestimo', 'INSERT', 462, NULL, 'Cliente: 10, Livro: 86, Data: 2025-09-11', 'root@localhost', '2025-09-15 19:23:57', NULL),
(949, 'emprestimo', 'INSERT', 463, NULL, 'Cliente: 11, Livro: 87, Data: 2025-09-01', 'root@localhost', '2025-09-15 19:23:57', NULL),
(950, 'emprestimo', 'INSERT', 464, NULL, 'Cliente: 12, Livro: 88, Data: 2025-09-06', 'root@localhost', '2025-09-15 19:23:57', NULL),
(951, 'emprestimo', 'INSERT', 465, NULL, 'Cliente: 13, Livro: 89, Data: 2025-05-09', 'root@localhost', '2025-09-15 19:23:57', NULL),
(952, 'emprestimo', 'INSERT', 466, NULL, 'Cliente: 3, Livro: 90, Data: 2025-09-05', 'root@localhost', '2025-09-15 19:23:57', NULL),
(953, 'emprestimo', 'INSERT', 467, NULL, 'Cliente: 8, Livro: 91, Data: 2025-09-11', 'root@localhost', '2025-09-15 19:23:57', NULL),
(954, 'emprestimo', 'INSERT', 468, NULL, 'Cliente: 9, Livro: 92, Data: 2025-09-06', 'root@localhost', '2025-09-15 19:23:57', NULL),
(955, 'emprestimo', 'INSERT', 469, NULL, 'Cliente: 10, Livro: 93, Data: 2025-09-13', 'root@localhost', '2025-09-15 19:23:57', NULL),
(956, 'emprestimo', 'INSERT', 470, NULL, 'Cliente: 11, Livro: 94, Data: 2025-09-05', 'root@localhost', '2025-09-15 19:23:57', NULL),
(957, 'emprestimo', 'INSERT', 471, NULL, 'Cliente: 12, Livro: 95, Data: 2025-09-09', 'root@localhost', '2025-09-15 19:23:57', NULL),
(958, 'emprestimo', 'INSERT', 472, NULL, 'Cliente: 13, Livro: 96, Data: 2025-09-10', 'root@localhost', '2025-09-15 19:23:57', NULL),
(959, 'emprestimo', 'INSERT', 473, NULL, 'Cliente: 3, Livro: 97, Data: 2025-09-06', 'root@localhost', '2025-09-15 19:23:57', NULL),
(960, 'emprestimo', 'INSERT', 474, NULL, 'Cliente: 8, Livro: 98, Data: 2025-04-17', 'root@localhost', '2025-09-15 19:23:57', NULL),
(961, 'emprestimo', 'INSERT', 475, NULL, 'Cliente: 9, Livro: 99, Data: 2025-07-12', 'root@localhost', '2025-09-15 19:23:57', NULL),
(962, 'emprestimo', 'INSERT', 476, NULL, 'Cliente: 10, Livro: 100, Data: 2025-09-04', 'root@localhost', '2025-09-15 19:23:57', NULL),
(963, 'emprestimo', 'INSERT', 477, NULL, 'Cliente: 11, Livro: 1, Data: 2025-09-05', 'root@localhost', '2025-09-15 19:23:57', NULL),
(964, 'emprestimo', 'INSERT', 478, NULL, 'Cliente: 12, Livro: 2, Data: 2025-09-03', 'root@localhost', '2025-09-15 19:23:57', NULL),
(965, 'emprestimo', 'INSERT', 479, NULL, 'Cliente: 13, Livro: 3, Data: 2025-09-12', 'root@localhost', '2025-09-15 19:23:57', NULL),
(966, 'emprestimo', 'INSERT', 480, NULL, 'Cliente: 3, Livro: 4, Data: 2025-06-09', 'root@localhost', '2025-09-15 19:23:57', NULL),
(967, 'emprestimo', 'INSERT', 481, NULL, 'Cliente: 8, Livro: 5, Data: 2025-08-02', 'root@localhost', '2025-09-15 19:23:57', NULL),
(968, 'emprestimo', 'INSERT', 482, NULL, 'Cliente: 9, Livro: 6, Data: 2025-09-09', 'root@localhost', '2025-09-15 19:23:57', NULL),
(969, 'emprestimo', 'INSERT', 483, NULL, 'Cliente: 10, Livro: 7, Data: 2025-09-04', 'root@localhost', '2025-09-15 19:23:57', NULL),
(970, 'emprestimo', 'INSERT', 484, NULL, 'Cliente: 11, Livro: 8, Data: 2025-09-01', 'root@localhost', '2025-09-15 19:23:57', NULL),
(971, 'emprestimo', 'INSERT', 485, NULL, 'Cliente: 12, Livro: 9, Data: 2025-09-11', 'root@localhost', '2025-09-15 19:23:57', NULL),
(972, 'emprestimo', 'INSERT', 486, NULL, 'Cliente: 13, Livro: 10, Data: 2025-09-08', 'root@localhost', '2025-09-15 19:23:57', NULL),
(973, 'emprestimo', 'INSERT', 487, NULL, 'Cliente: 3, Livro: 11, Data: 2025-08-28', 'root@localhost', '2025-09-15 19:23:57', NULL),
(974, 'emprestimo', 'INSERT', 488, NULL, 'Cliente: 8, Livro: 12, Data: 2025-08-24', 'root@localhost', '2025-09-15 19:23:57', NULL),
(975, 'emprestimo', 'INSERT', 489, NULL, 'Cliente: 9, Livro: 13, Data: 2025-09-12', 'root@localhost', '2025-09-15 19:23:57', NULL),
(976, 'emprestimo', 'INSERT', 490, NULL, 'Cliente: 10, Livro: 14, Data: 2025-09-10', 'root@localhost', '2025-09-15 19:23:57', NULL),
(977, 'emprestimo', 'INSERT', 491, NULL, 'Cliente: 11, Livro: 15, Data: 2025-07-30', 'root@localhost', '2025-09-15 19:23:57', NULL),
(978, 'emprestimo', 'INSERT', 492, NULL, 'Cliente: 12, Livro: 16, Data: 2025-09-04', 'root@localhost', '2025-09-15 19:23:57', NULL),
(979, 'emprestimo', 'INSERT', 493, NULL, 'Cliente: 13, Livro: 17, Data: 2025-09-13', 'root@localhost', '2025-09-15 19:23:57', NULL),
(980, 'emprestimo', 'INSERT', 494, NULL, 'Cliente: 3, Livro: 18, Data: 2025-09-12', 'root@localhost', '2025-09-15 19:23:57', NULL),
(981, 'emprestimo', 'INSERT', 495, NULL, 'Cliente: 8, Livro: 19, Data: 2025-09-10', 'root@localhost', '2025-09-15 19:23:57', NULL),
(982, 'emprestimo', 'INSERT', 496, NULL, 'Cliente: 9, Livro: 20, Data: 2025-09-02', 'root@localhost', '2025-09-15 19:23:57', NULL),
(983, 'emprestimo', 'INSERT', 497, NULL, 'Cliente: 10, Livro: 21, Data: 2025-08-29', 'root@localhost', '2025-09-15 19:23:57', NULL),
(984, 'emprestimo', 'INSERT', 498, NULL, 'Cliente: 11, Livro: 22, Data: 2025-09-09', 'root@localhost', '2025-09-15 19:23:57', NULL),
(985, 'emprestimo', 'INSERT', 499, NULL, 'Cliente: 12, Livro: 23, Data: 2025-09-03', 'root@localhost', '2025-09-15 19:23:57', NULL),
(986, 'emprestimo', 'INSERT', 500, NULL, 'Cliente: 13, Livro: 24, Data: 2025-09-01', 'root@localhost', '2025-09-15 19:23:57', NULL),
(987, 'emprestimo', 'INSERT', 501, NULL, 'Cliente: 3, Livro: 25, Data: 2025-05-17', 'root@localhost', '2025-09-15 19:23:57', NULL),
(988, 'emprestimo', 'INSERT', 502, NULL, 'Cliente: 8, Livro: 26, Data: 2025-09-13', 'root@localhost', '2025-09-15 19:23:57', NULL),
(989, 'emprestimo', 'INSERT', 503, NULL, 'Cliente: 9, Livro: 27, Data: 2025-09-09', 'root@localhost', '2025-09-15 19:23:57', NULL),
(990, 'emprestimo', 'INSERT', 504, NULL, 'Cliente: 10, Livro: 28, Data: 2025-09-07', 'root@localhost', '2025-09-15 19:23:57', NULL),
(991, 'emprestimo', 'INSERT', 505, NULL, 'Cliente: 11, Livro: 29, Data: 2025-09-11', 'root@localhost', '2025-09-15 19:23:57', NULL),
(992, 'emprestimo', 'INSERT', 506, NULL, 'Cliente: 12, Livro: 30, Data: 2025-09-03', 'root@localhost', '2025-09-15 19:23:57', NULL),
(993, 'emprestimo', 'INSERT', 507, NULL, 'Cliente: 13, Livro: 31, Data: 2025-04-19', 'root@localhost', '2025-09-15 19:23:57', NULL),
(994, 'emprestimo', 'INSERT', 508, NULL, 'Cliente: 3, Livro: 32, Data: 2025-09-01', 'root@localhost', '2025-09-15 19:23:57', NULL),
(995, 'emprestimo', 'INSERT', 509, NULL, 'Cliente: 8, Livro: 33, Data: 2025-09-02', 'root@localhost', '2025-09-15 19:23:57', NULL),
(996, 'emprestimo', 'INSERT', 510, NULL, 'Cliente: 9, Livro: 34, Data: 2025-09-03', 'root@localhost', '2025-09-15 19:23:57', NULL),
(997, 'emprestimo', 'INSERT', 511, NULL, 'Cliente: 10, Livro: 35, Data: 2025-09-01', 'root@localhost', '2025-09-15 19:23:57', NULL),
(998, 'emprestimo', 'INSERT', 512, NULL, 'Cliente: 11, Livro: 36, Data: 2025-08-07', 'root@localhost', '2025-09-15 19:23:57', NULL),
(999, 'emprestimo', 'INSERT', 513, NULL, 'Cliente: 12, Livro: 37, Data: 2025-09-04', 'root@localhost', '2025-09-15 19:23:57', NULL),
(1000, 'emprestimo', 'INSERT', 514, NULL, 'Cliente: 13, Livro: 38, Data: 2025-09-09', 'root@localhost', '2025-09-15 19:23:57', NULL),
(1001, 'emprestimo', 'INSERT', 515, NULL, 'Cliente: 3, Livro: 39, Data: 2025-09-02', 'root@localhost', '2025-09-15 19:23:57', NULL),
(1002, 'emprestimo', 'INSERT', 516, NULL, 'Cliente: 8, Livro: 40, Data: 2025-09-03', 'root@localhost', '2025-09-15 19:23:57', NULL),
(1003, 'emprestimo', 'INSERT', 517, NULL, 'Cliente: 9, Livro: 41, Data: 2025-09-14', 'root@localhost', '2025-09-15 19:23:57', NULL),
(1004, 'emprestimo', 'INSERT', 518, NULL, 'Cliente: 10, Livro: 42, Data: 2025-05-23', 'root@localhost', '2025-09-15 19:23:57', NULL),
(1005, 'emprestimo', 'INSERT', 519, NULL, 'Cliente: 11, Livro: 43, Data: 2025-07-19', 'root@localhost', '2025-09-15 19:23:57', NULL),
(1006, 'emprestimo', 'INSERT', 520, NULL, 'Cliente: 12, Livro: 44, Data: 2025-09-07', 'root@localhost', '2025-09-15 19:23:57', NULL),
(1007, 'emprestimo', 'INSERT', 521, NULL, 'Cliente: 13, Livro: 45, Data: 2025-09-07', 'root@localhost', '2025-09-15 19:23:57', NULL),
(1008, 'emprestimo', 'INSERT', 522, NULL, 'Cliente: 3, Livro: 46, Data: 2025-09-02', 'root@localhost', '2025-09-15 19:23:57', NULL),
(1009, 'emprestimo', 'INSERT', 523, NULL, 'Cliente: 8, Livro: 47, Data: 2025-09-06', 'root@localhost', '2025-09-15 19:23:57', NULL),
(1010, 'emprestimo', 'INSERT', 524, NULL, 'Cliente: 9, Livro: 48, Data: 2025-09-06', 'root@localhost', '2025-09-15 19:23:57', NULL),
(1011, 'emprestimo', 'INSERT', 525, NULL, 'Cliente: 10, Livro: 49, Data: 2025-09-05', 'root@localhost', '2025-09-15 19:23:57', NULL),
(1012, 'emprestimo', 'INSERT', 526, NULL, 'Cliente: 11, Livro: 50, Data: 2025-05-23', 'root@localhost', '2025-09-15 19:23:57', NULL),
(1013, 'emprestimo', 'INSERT', 527, NULL, 'Cliente: 12, Livro: 51, Data: 2025-09-06', 'root@localhost', '2025-09-15 19:23:57', NULL),
(1014, 'emprestimo', 'INSERT', 528, NULL, 'Cliente: 13, Livro: 52, Data: 2025-09-05', 'root@localhost', '2025-09-15 19:23:57', NULL),
(1015, 'emprestimo', 'INSERT', 529, NULL, 'Cliente: 3, Livro: 53, Data: 2025-09-10', 'root@localhost', '2025-09-15 19:23:57', NULL),
(1016, 'emprestimo', 'INSERT', 530, NULL, 'Cliente: 8, Livro: 54, Data: 2025-09-11', 'root@localhost', '2025-09-15 19:23:57', NULL),
(1017, 'emprestimo', 'INSERT', 531, NULL, 'Cliente: 9, Livro: 55, Data: 2025-06-06', 'root@localhost', '2025-09-15 19:23:57', NULL),
(1018, 'emprestimo', 'INSERT', 532, NULL, 'Cliente: 10, Livro: 56, Data: 2025-07-12', 'root@localhost', '2025-09-15 19:23:57', NULL),
(1019, 'emprestimo', 'INSERT', 533, NULL, 'Cliente: 11, Livro: 57, Data: 2025-09-08', 'root@localhost', '2025-09-15 19:23:57', NULL),
(1020, 'emprestimo', 'INSERT', 534, NULL, 'Cliente: 12, Livro: 58, Data: 2025-06-02', 'root@localhost', '2025-09-15 19:23:57', NULL),
(1021, 'emprestimo', 'INSERT', 535, NULL, 'Cliente: 13, Livro: 59, Data: 2025-09-12', 'root@localhost', '2025-09-15 19:23:57', NULL),
(1022, 'emprestimo', 'INSERT', 536, NULL, 'Cliente: 3, Livro: 60, Data: 2025-09-06', 'root@localhost', '2025-09-15 19:23:57', NULL),
(1023, 'emprestimo', 'INSERT', 537, NULL, 'Cliente: 8, Livro: 61, Data: 2025-09-05', 'root@localhost', '2025-09-15 19:23:57', NULL),
(1024, 'emprestimo', 'INSERT', 538, NULL, 'Cliente: 9, Livro: 62, Data: 2025-09-04', 'root@localhost', '2025-09-15 19:23:57', NULL),
(1025, 'emprestimo', 'INSERT', 539, NULL, 'Cliente: 10, Livro: 63, Data: 2025-05-21', 'root@localhost', '2025-09-15 19:23:57', NULL),
(1026, 'emprestimo', 'INSERT', 540, NULL, 'Cliente: 11, Livro: 64, Data: 2025-09-13', 'root@localhost', '2025-09-15 19:23:57', NULL),
(1027, 'emprestimo', 'INSERT', 541, NULL, 'Cliente: 12, Livro: 65, Data: 2025-09-13', 'root@localhost', '2025-09-15 19:23:57', NULL),
(1028, 'emprestimo', 'INSERT', 542, NULL, 'Cliente: 13, Livro: 66, Data: 2025-09-05', 'root@localhost', '2025-09-15 19:23:57', NULL),
(1029, 'emprestimo', 'INSERT', 543, NULL, 'Cliente: 3, Livro: 67, Data: 2025-09-04', 'root@localhost', '2025-09-15 19:23:57', NULL),
(1030, 'emprestimo', 'INSERT', 544, NULL, 'Cliente: 8, Livro: 68, Data: 2025-08-08', 'root@localhost', '2025-09-15 19:23:57', NULL),
(1031, 'emprestimo', 'INSERT', 545, NULL, 'Cliente: 9, Livro: 69, Data: 2025-08-15', 'root@localhost', '2025-09-15 19:23:57', NULL),
(1032, 'emprestimo', 'INSERT', 546, NULL, 'Cliente: 10, Livro: 70, Data: 2025-09-04', 'root@localhost', '2025-09-15 19:23:57', NULL),
(1033, 'emprestimo', 'INSERT', 547, NULL, 'Cliente: 11, Livro: 71, Data: 2025-09-01', 'root@localhost', '2025-09-15 19:23:57', NULL),
(1034, 'emprestimo', 'INSERT', 548, NULL, 'Cliente: 12, Livro: 72, Data: 2025-09-09', 'root@localhost', '2025-09-15 19:23:57', NULL),
(1035, 'emprestimo', 'INSERT', 549, NULL, 'Cliente: 13, Livro: 73, Data: 2025-09-04', 'root@localhost', '2025-09-15 19:23:57', NULL),
(1036, 'emprestimo', 'INSERT', 550, NULL, 'Cliente: 3, Livro: 74, Data: 2025-09-01', 'root@localhost', '2025-09-15 19:23:57', NULL),
(1037, 'emprestimo', 'INSERT', 551, NULL, 'Cliente: 8, Livro: 75, Data: 2025-07-14', 'root@localhost', '2025-09-15 19:23:57', NULL),
(1038, 'emprestimo', 'INSERT', 552, NULL, 'Cliente: 9, Livro: 76, Data: 2025-09-09', 'root@localhost', '2025-09-15 19:23:57', NULL),
(1039, 'emprestimo', 'INSERT', 553, NULL, 'Cliente: 10, Livro: 77, Data: 2025-09-12', 'root@localhost', '2025-09-15 19:23:57', NULL),
(1040, 'emprestimo', 'INSERT', 554, NULL, 'Cliente: 11, Livro: 78, Data: 2025-08-03', 'root@localhost', '2025-09-15 19:23:57', NULL),
(1041, 'emprestimo', 'INSERT', 555, NULL, 'Cliente: 12, Livro: 79, Data: 2025-09-06', 'root@localhost', '2025-09-15 19:23:57', NULL),
(1042, 'emprestimo', 'INSERT', 556, NULL, 'Cliente: 13, Livro: 80, Data: 2025-04-18', 'root@localhost', '2025-09-15 19:23:57', NULL),
(1043, 'emprestimo', 'INSERT', 557, NULL, 'Cliente: 3, Livro: 81, Data: 2025-09-04', 'root@localhost', '2025-09-15 19:23:57', NULL),
(1044, 'emprestimo', 'INSERT', 558, NULL, 'Cliente: 8, Livro: 82, Data: 2025-09-04', 'root@localhost', '2025-09-15 19:23:57', NULL),
(1045, 'emprestimo', 'INSERT', 559, NULL, 'Cliente: 9, Livro: 83, Data: 2025-09-09', 'root@localhost', '2025-09-15 19:23:57', NULL),
(1046, 'emprestimo', 'INSERT', 560, NULL, 'Cliente: 10, Livro: 84, Data: 2025-09-13', 'root@localhost', '2025-09-15 19:23:57', NULL),
(1047, 'emprestimo', 'INSERT', 561, NULL, 'Cliente: 11, Livro: 85, Data: 2025-09-02', 'root@localhost', '2025-09-15 19:23:57', NULL),
(1048, 'emprestimo', 'INSERT', 562, NULL, 'Cliente: 12, Livro: 86, Data: 2025-09-14', 'root@localhost', '2025-09-15 19:23:57', NULL),
(1049, 'emprestimo', 'INSERT', 563, NULL, 'Cliente: 13, Livro: 87, Data: 2025-05-17', 'root@localhost', '2025-09-15 19:23:57', NULL),
(1050, 'emprestimo', 'INSERT', 564, NULL, 'Cliente: 3, Livro: 88, Data: 2025-07-25', 'root@localhost', '2025-09-15 19:23:57', NULL),
(1051, 'emprestimo', 'INSERT', 565, NULL, 'Cliente: 8, Livro: 89, Data: 2025-08-27', 'root@localhost', '2025-09-15 19:23:57', NULL),
(1052, 'emprestimo', 'INSERT', 566, NULL, 'Cliente: 9, Livro: 90, Data: 2025-05-19', 'root@localhost', '2025-09-15 19:23:57', NULL),
(1053, 'emprestimo', 'INSERT', 567, NULL, 'Cliente: 10, Livro: 91, Data: 2025-08-12', 'root@localhost', '2025-09-15 19:23:57', NULL),
(1054, 'emprestimo', 'INSERT', 568, NULL, 'Cliente: 11, Livro: 92, Data: 2025-09-03', 'root@localhost', '2025-09-15 19:23:57', NULL),
(1055, 'emprestimo', 'INSERT', 569, NULL, 'Cliente: 12, Livro: 93, Data: 2025-09-03', 'root@localhost', '2025-09-15 19:23:57', NULL),
(1056, 'emprestimo', 'INSERT', 570, NULL, 'Cliente: 13, Livro: 94, Data: 2025-08-26', 'root@localhost', '2025-09-15 19:23:57', NULL),
(1057, 'emprestimo', 'INSERT', 571, NULL, 'Cliente: 3, Livro: 95, Data: 2025-09-07', 'root@localhost', '2025-09-15 19:23:57', NULL),
(1058, 'emprestimo', 'INSERT', 572, NULL, 'Cliente: 8, Livro: 96, Data: 2025-09-11', 'root@localhost', '2025-09-15 19:23:57', NULL),
(1059, 'emprestimo', 'INSERT', 573, NULL, 'Cliente: 9, Livro: 97, Data: 2025-09-02', 'root@localhost', '2025-09-15 19:23:57', NULL),
(1060, 'emprestimo', 'INSERT', 574, NULL, 'Cliente: 10, Livro: 98, Data: 2025-08-12', 'root@localhost', '2025-09-15 19:23:57', NULL),
(1061, 'emprestimo', 'INSERT', 575, NULL, 'Cliente: 11, Livro: 99, Data: 2025-09-05', 'root@localhost', '2025-09-15 19:23:57', NULL),
(1062, 'emprestimo', 'INSERT', 576, NULL, 'Cliente: 12, Livro: 100, Data: 2025-06-17', 'root@localhost', '2025-09-15 19:23:57', NULL),
(1063, 'emprestimo', 'DELETE', 1, 'Cliente: 3, Livro: 1, Data: 2025-08-19', NULL, 'root@localhost', '2025-09-15 19:24:18', NULL),
(1064, 'emprestimo', 'DELETE', 2, 'Cliente: 8, Livro: 2, Data: 2025-08-31', NULL, 'root@localhost', '2025-09-15 19:24:25', NULL),
(1065, 'emprestimo', 'UPDATE', 575, 'Cliente: 11, Livro: 99, Data: 2025-09-05', 'Cliente: 11, Livro: 99, Data: 2025-08-17', 'root@localhost', '2025-09-15 19:26:35', NULL),
(1066, 'emprestimo', 'UPDATE', 568, 'Cliente: 11, Livro: 92, Data: 2025-09-03', 'Cliente: 11, Livro: 92, Data: 2025-08-10', 'root@localhost', '2025-09-15 19:26:35', NULL),
(1067, 'emprestimo', 'UPDATE', 558, 'Cliente: 8, Livro: 82, Data: 2025-09-04', 'Cliente: 8, Livro: 82, Data: 2025-08-06', 'root@localhost', '2025-09-15 19:26:35', NULL),
(1068, 'emprestimo', 'UPDATE', 550, 'Cliente: 3, Livro: 74, Data: 2025-09-01', 'Cliente: 3, Livro: 74, Data: 2025-08-26', 'root@localhost', '2025-09-15 19:26:35', NULL),
(1069, 'emprestimo', 'UPDATE', 543, 'Cliente: 3, Livro: 67, Data: 2025-09-04', 'Cliente: 3, Livro: 67, Data: 2025-08-04', 'root@localhost', '2025-09-15 19:26:35', NULL),
(1070, 'emprestimo', 'UPDATE', 537, 'Cliente: 8, Livro: 61, Data: 2025-09-05', 'Cliente: 8, Livro: 61, Data: 2025-08-05', 'root@localhost', '2025-09-15 19:26:35', NULL),
(1071, 'emprestimo', 'UPDATE', 529, 'Cliente: 3, Livro: 53, Data: 2025-09-10', 'Cliente: 3, Livro: 53, Data: 2025-08-24', 'root@localhost', '2025-09-15 19:26:35', NULL),
(1072, 'emprestimo', 'UPDATE', 523, 'Cliente: 8, Livro: 47, Data: 2025-09-06', 'Cliente: 8, Livro: 47, Data: 2025-08-13', 'root@localhost', '2025-09-15 19:26:35', NULL),
(1073, 'emprestimo', 'UPDATE', 516, 'Cliente: 8, Livro: 40, Data: 2025-09-03', 'Cliente: 8, Livro: 40, Data: 2025-08-17', 'root@localhost', '2025-09-15 19:26:35', NULL),
(1074, 'emprestimo', 'UPDATE', 510, 'Cliente: 9, Livro: 34, Data: 2025-09-03', 'Cliente: 9, Livro: 34, Data: 2025-08-10', 'root@localhost', '2025-09-15 19:26:35', NULL),
(1075, 'emprestimo', 'UPDATE', 504, 'Cliente: 10, Livro: 28, Data: 2025-09-07', 'Cliente: 10, Livro: 28, Data: 2025-08-25', 'root@localhost', '2025-09-15 19:26:35', NULL),
(1076, 'emprestimo', 'UPDATE', 498, 'Cliente: 11, Livro: 22, Data: 2025-09-09', 'Cliente: 11, Livro: 22, Data: 2025-08-09', 'root@localhost', '2025-09-15 19:26:35', NULL),
(1077, 'emprestimo', 'UPDATE', 492, 'Cliente: 12, Livro: 16, Data: 2025-09-04', 'Cliente: 12, Livro: 16, Data: 2025-08-08', 'root@localhost', '2025-09-15 19:26:35', NULL),
(1078, 'emprestimo', 'UPDATE', 484, 'Cliente: 11, Livro: 8, Data: 2025-09-01', 'Cliente: 11, Livro: 8, Data: 2025-08-15', 'root@localhost', '2025-09-15 19:26:35', NULL),
(1079, 'emprestimo', 'UPDATE', 477, 'Cliente: 11, Livro: 1, Data: 2025-09-05', 'Cliente: 11, Livro: 1, Data: 2025-08-26', 'root@localhost', '2025-09-15 19:26:35', NULL),
(1080, 'emprestimo', 'UPDATE', 470, 'Cliente: 11, Livro: 94, Data: 2025-09-05', 'Cliente: 11, Livro: 94, Data: 2025-08-25', 'root@localhost', '2025-09-15 19:26:35', NULL),
(1081, 'emprestimo', 'UPDATE', 464, 'Cliente: 12, Livro: 88, Data: 2025-09-06', 'Cliente: 12, Livro: 88, Data: 2025-08-12', 'root@localhost', '2025-09-15 19:26:35', NULL),
(1082, 'emprestimo', 'UPDATE', 458, 'Cliente: 13, Livro: 82, Data: 2025-09-10', 'Cliente: 13, Livro: 82, Data: 2025-08-03', 'root@localhost', '2025-09-15 19:26:35', NULL),
(1083, 'emprestimo', 'UPDATE', 451, 'Cliente: 13, Livro: 75, Data: 2025-09-11', 'Cliente: 13, Livro: 75, Data: 2025-08-27', 'root@localhost', '2025-09-15 19:26:35', NULL),
(1084, 'emprestimo', 'UPDATE', 445, 'Cliente: 3, Livro: 69, Data: 2025-09-05', 'Cliente: 3, Livro: 69, Data: 2025-08-05', 'root@localhost', '2025-09-15 19:26:35', NULL),
(1085, 'emprestimo', 'UPDATE', 438, 'Cliente: 3, Livro: 62, Data: 2025-09-13', 'Cliente: 3, Livro: 62, Data: 2025-08-15', 'root@localhost', '2025-09-15 19:26:35', NULL),
(1086, 'emprestimo', 'UPDATE', 431, 'Cliente: 3, Livro: 55, Data: 2025-09-07', 'Cliente: 3, Livro: 55, Data: 2025-08-17', 'root@localhost', '2025-09-15 19:26:35', NULL),
(1087, 'emprestimo', 'UPDATE', 424, 'Cliente: 3, Livro: 48, Data: 2025-09-09', 'Cliente: 3, Livro: 48, Data: 2025-08-24', 'root@localhost', '2025-09-15 19:26:35', NULL),
(1088, 'emprestimo', 'UPDATE', 419, 'Cliente: 9, Livro: 43, Data: 2025-09-07', 'Cliente: 9, Livro: 43, Data: 2025-08-14', 'root@localhost', '2025-09-15 19:26:35', NULL),
(1089, 'emprestimo', 'UPDATE', 413, 'Cliente: 10, Livro: 37, Data: 2025-09-03', 'Cliente: 10, Livro: 37, Data: 2025-08-11', 'root@localhost', '2025-09-15 19:26:35', NULL),
(1090, 'emprestimo', 'UPDATE', 405, 'Cliente: 9, Livro: 29, Data: 2025-09-06', 'Cliente: 9, Livro: 29, Data: 2025-08-04', 'root@localhost', '2025-09-15 19:26:35', NULL),
(1091, 'emprestimo', 'UPDATE', 398, 'Cliente: 9, Livro: 22, Data: 2025-09-11', 'Cliente: 9, Livro: 22, Data: 2025-08-27', 'root@localhost', '2025-09-15 19:26:35', NULL),
(1092, 'emprestimo', 'UPDATE', 390, 'Cliente: 8, Livro: 14, Data: 2025-09-05', 'Cliente: 8, Livro: 14, Data: 2025-08-04', 'root@localhost', '2025-09-15 19:26:35', NULL),
(1093, 'emprestimo', 'UPDATE', 384, 'Cliente: 9, Livro: 8, Data: 2025-09-10', 'Cliente: 9, Livro: 8, Data: 2025-08-08', 'root@localhost', '2025-09-15 19:26:35', NULL),
(1094, 'emprestimo', 'UPDATE', 377, 'Cliente: 9, Livro: 1, Data: 2025-09-09', 'Cliente: 9, Livro: 1, Data: 2025-08-14', 'root@localhost', '2025-09-15 19:26:35', NULL),
(1095, 'emprestimo', 'UPDATE', 371, 'Cliente: 10, Livro: 95, Data: 2025-09-08', 'Cliente: 10, Livro: 95, Data: 2025-08-02', 'root@localhost', '2025-09-15 19:26:35', NULL),
(1096, 'emprestimo', 'UPDATE', 364, 'Cliente: 10, Livro: 88, Data: 2025-09-06', 'Cliente: 10, Livro: 88, Data: 2025-08-14', 'root@localhost', '2025-09-15 19:26:35', NULL),
(1097, 'emprestimo', 'UPDATE', 357, 'Cliente: 10, Livro: 81, Data: 2025-09-02', 'Cliente: 10, Livro: 81, Data: 2025-08-14', 'root@localhost', '2025-09-15 19:26:35', NULL),
(1098, 'emprestimo', 'UPDATE', 351, 'Cliente: 11, Livro: 75, Data: 2025-09-09', 'Cliente: 11, Livro: 75, Data: 2025-08-16', 'root@localhost', '2025-09-15 19:26:35', NULL),
(1099, 'emprestimo', 'UPDATE', 345, 'Cliente: 12, Livro: 69, Data: 2025-09-07', 'Cliente: 12, Livro: 69, Data: 2025-08-20', 'root@localhost', '2025-09-15 19:26:35', NULL),
(1100, 'emprestimo', 'UPDATE', 338, 'Cliente: 12, Livro: 62, Data: 2025-09-12', 'Cliente: 12, Livro: 62, Data: 2025-08-13', 'root@localhost', '2025-09-15 19:26:35', NULL),
(1101, 'emprestimo', 'UPDATE', 329, 'Cliente: 10, Livro: 53, Data: 2025-09-08', 'Cliente: 10, Livro: 53, Data: 2025-08-21', 'root@localhost', '2025-09-15 19:26:35', NULL),
(1102, 'emprestimo', 'UPDATE', 320, 'Cliente: 8, Livro: 44, Data: 2025-09-04', 'Cliente: 8, Livro: 44, Data: 2025-08-29', 'root@localhost', '2025-09-15 19:26:35', NULL),
(1103, 'emprestimo', 'UPDATE', 313, 'Cliente: 8, Livro: 37, Data: 2025-09-11', 'Cliente: 8, Livro: 37, Data: 2025-08-28', 'root@localhost', '2025-09-15 19:26:35', NULL),
(1104, 'emprestimo', 'UPDATE', 307, 'Cliente: 9, Livro: 31, Data: 2025-09-07', 'Cliente: 9, Livro: 31, Data: 2025-08-22', 'root@localhost', '2025-09-15 19:26:35', NULL),
(1105, 'emprestimo', 'UPDATE', 302, 'Cliente: 11, Livro: 26, Data: 2025-09-07', 'Cliente: 11, Livro: 26, Data: 2025-08-25', 'root@localhost', '2025-09-15 19:26:35', NULL),
(1106, 'emprestimo', 'UPDATE', 296, 'Cliente: 12, Livro: 20, Data: 2025-09-08', 'Cliente: 12, Livro: 20, Data: 2025-08-05', 'root@localhost', '2025-09-15 19:26:35', NULL),
(1107, 'emprestimo', 'UPDATE', 290, 'Cliente: 13, Livro: 14, Data: 2025-09-14', 'Cliente: 13, Livro: 14, Data: 2025-08-20', 'root@localhost', '2025-09-15 19:26:35', NULL),
(1108, 'emprestimo', 'UPDATE', 285, 'Cliente: 8, Livro: 9, Data: 2025-09-12', 'Cliente: 8, Livro: 9, Data: 2025-08-09', 'root@localhost', '2025-09-15 19:26:35', NULL),
(1109, 'emprestimo', 'UPDATE', 278, 'Cliente: 8, Livro: 2, Data: 2025-09-05', 'Cliente: 8, Livro: 2, Data: 2025-08-20', 'root@localhost', '2025-09-15 19:26:35', NULL),
(1110, 'emprestimo', 'UPDATE', 270, 'Cliente: 8, Livro: 14, Data: 2025-09-10', 'Cliente: 8, Livro: 14, Data: 2025-08-30', 'root@localhost', '2025-09-15 19:26:35', NULL),
(1111, 'emprestimo', 'UPDATE', 263, 'Cliente: 8, Livro: 7, Data: 2025-09-08', 'Cliente: 8, Livro: 7, Data: 2025-08-11', 'root@localhost', '2025-09-15 19:26:35', NULL),
(1112, 'emprestimo', 'UPDATE', 255, 'Cliente: 3, Livro: 99, Data: 2025-09-12', 'Cliente: 3, Livro: 99, Data: 2025-08-15', 'root@localhost', '2025-09-15 19:26:35', NULL),
(1113, 'emprestimo', 'UPDATE', 240, 'Cliente: 13, Livro: 84, Data: 2025-09-03', 'Cliente: 13, Livro: 84, Data: 2025-08-16', 'root@localhost', '2025-09-15 19:26:35', NULL),
(1114, 'emprestimo', 'UPDATE', 225, 'Cliente: 12, Livro: 69, Data: 2025-09-01', 'Cliente: 12, Livro: 69, Data: 2025-08-12', 'root@localhost', '2025-09-15 19:26:35', NULL),
(1115, 'emprestimo', 'UPDATE', 573, 'Cliente: 9, Livro: 97, Data: 2025-09-02', 'Cliente: 9, Livro: 97, Data: 2025-07-06', 'root@localhost', '2025-09-15 19:26:35', NULL),
(1116, 'emprestimo', 'UPDATE', 562, 'Cliente: 12, Livro: 86, Data: 2025-09-14', 'Cliente: 12, Livro: 86, Data: 2025-07-28', 'root@localhost', '2025-09-15 19:26:35', NULL),
(1117, 'emprestimo', 'UPDATE', 557, 'Cliente: 3, Livro: 81, Data: 2025-09-04', 'Cliente: 3, Livro: 81, Data: 2025-07-29', 'root@localhost', '2025-09-15 19:26:35', NULL),
(1118, 'emprestimo', 'UPDATE', 549, 'Cliente: 13, Livro: 73, Data: 2025-09-04', 'Cliente: 13, Livro: 73, Data: 2025-07-16', 'root@localhost', '2025-09-15 19:26:35', NULL),
(1119, 'emprestimo', 'UPDATE', 542, 'Cliente: 13, Livro: 66, Data: 2025-09-05', 'Cliente: 13, Livro: 66, Data: 2025-07-16', 'root@localhost', '2025-09-15 19:26:35', NULL),
(1120, 'emprestimo', 'UPDATE', 536, 'Cliente: 3, Livro: 60, Data: 2025-09-06', 'Cliente: 3, Livro: 60, Data: 2025-07-11', 'root@localhost', '2025-09-15 19:26:35', NULL),
(1121, 'emprestimo', 'UPDATE', 528, 'Cliente: 13, Livro: 52, Data: 2025-09-05', 'Cliente: 13, Livro: 52, Data: 2025-07-12', 'root@localhost', '2025-09-15 19:26:35', NULL),
(1122, 'emprestimo', 'UPDATE', 522, 'Cliente: 3, Livro: 46, Data: 2025-09-02', 'Cliente: 3, Livro: 46, Data: 2025-07-13', 'root@localhost', '2025-09-15 19:26:35', NULL),
(1123, 'emprestimo', 'UPDATE', 515, 'Cliente: 3, Livro: 39, Data: 2025-09-02', 'Cliente: 3, Livro: 39, Data: 2025-07-27', 'root@localhost', '2025-09-15 19:26:35', NULL),
(1124, 'emprestimo', 'UPDATE', 509, 'Cliente: 8, Livro: 33, Data: 2025-09-02', 'Cliente: 8, Livro: 33, Data: 2025-07-06', 'root@localhost', '2025-09-15 19:26:35', NULL),
(1125, 'emprestimo', 'UPDATE', 503, 'Cliente: 9, Livro: 27, Data: 2025-09-09', 'Cliente: 9, Livro: 27, Data: 2025-07-22', 'root@localhost', '2025-09-15 19:26:35', NULL),
(1126, 'emprestimo', 'UPDATE', 496, 'Cliente: 9, Livro: 20, Data: 2025-09-02', 'Cliente: 9, Livro: 20, Data: 2025-07-05', 'root@localhost', '2025-09-15 19:26:35', NULL),
(1127, 'emprestimo', 'UPDATE', 490, 'Cliente: 10, Livro: 14, Data: 2025-09-10', 'Cliente: 10, Livro: 14, Data: 2025-07-25', 'root@localhost', '2025-09-15 19:26:35', NULL),
(1128, 'emprestimo', 'UPDATE', 483, 'Cliente: 10, Livro: 7, Data: 2025-09-04', 'Cliente: 10, Livro: 7, Data: 2025-07-28', 'root@localhost', '2025-09-15 19:26:35', NULL),
(1129, 'emprestimo', 'UPDATE', 476, 'Cliente: 10, Livro: 100, Data: 2025-09-04', 'Cliente: 10, Livro: 100, Data: 2025-07-28', 'root@localhost', '2025-09-15 19:26:35', NULL),
(1130, 'emprestimo', 'UPDATE', 469, 'Cliente: 10, Livro: 93, Data: 2025-09-13', 'Cliente: 10, Livro: 93, Data: 2025-07-07', 'root@localhost', '2025-09-15 19:26:35', NULL),
(1131, 'emprestimo', 'UPDATE', 463, 'Cliente: 11, Livro: 87, Data: 2025-09-01', 'Cliente: 11, Livro: 87, Data: 2025-07-07', 'root@localhost', '2025-09-15 19:26:35', NULL),
(1132, 'emprestimo', 'UPDATE', 457, 'Cliente: 12, Livro: 81, Data: 2025-09-14', 'Cliente: 12, Livro: 81, Data: 2025-07-14', 'root@localhost', '2025-09-15 19:26:35', NULL),
(1133, 'emprestimo', 'UPDATE', 450, 'Cliente: 12, Livro: 74, Data: 2025-09-09', 'Cliente: 12, Livro: 74, Data: 2025-07-13', 'root@localhost', '2025-09-15 19:26:35', NULL),
(1134, 'emprestimo', 'UPDATE', 444, 'Cliente: 13, Livro: 68, Data: 2025-09-01', 'Cliente: 13, Livro: 68, Data: 2025-07-01', 'root@localhost', '2025-09-15 19:26:35', NULL),
(1135, 'emprestimo', 'UPDATE', 437, 'Cliente: 13, Livro: 61, Data: 2025-09-02', 'Cliente: 13, Livro: 61, Data: 2025-07-21', 'root@localhost', '2025-09-15 19:26:35', NULL),
(1136, 'emprestimo', 'UPDATE', 429, 'Cliente: 12, Livro: 53, Data: 2025-09-12', 'Cliente: 12, Livro: 53, Data: 2025-07-30', 'root@localhost', '2025-09-15 19:26:35', NULL),
(1137, 'emprestimo', 'UPDATE', 423, 'Cliente: 13, Livro: 47, Data: 2025-09-08', 'Cliente: 13, Livro: 47, Data: 2025-07-23', 'root@localhost', '2025-09-15 19:26:35', NULL),
(1138, 'emprestimo', 'UPDATE', 418, 'Cliente: 8, Livro: 42, Data: 2025-09-02', 'Cliente: 8, Livro: 42, Data: 2025-07-27', 'root@localhost', '2025-09-15 19:26:35', NULL),
(1139, 'emprestimo', 'UPDATE', 411, 'Cliente: 8, Livro: 35, Data: 2025-09-11', 'Cliente: 8, Livro: 35, Data: 2025-07-17', 'root@localhost', '2025-09-15 19:26:35', NULL),
(1140, 'emprestimo', 'UPDATE', 404, 'Cliente: 8, Livro: 28, Data: 2025-09-07', 'Cliente: 8, Livro: 28, Data: 2025-07-07', 'root@localhost', '2025-09-15 19:26:35', NULL),
(1141, 'emprestimo', 'UPDATE', 397, 'Cliente: 8, Livro: 21, Data: 2025-09-13', 'Cliente: 8, Livro: 21, Data: 2025-07-04', 'root@localhost', '2025-09-15 19:26:35', NULL),
(1142, 'emprestimo', 'UPDATE', 388, 'Cliente: 13, Livro: 12, Data: 2025-09-02', 'Cliente: 13, Livro: 12, Data: 2025-07-12', 'root@localhost', '2025-09-15 19:26:35', NULL),
(1143, 'emprestimo', 'UPDATE', 381, 'Cliente: 13, Livro: 5, Data: 2025-09-04', 'Cliente: 13, Livro: 5, Data: 2025-07-11', 'root@localhost', '2025-09-15 19:26:35', NULL),
(1144, 'emprestimo', 'UPDATE', 375, 'Cliente: 3, Livro: 99, Data: 2025-09-07', 'Cliente: 3, Livro: 99, Data: 2025-07-11', 'root@localhost', '2025-09-15 19:26:35', NULL),
(1145, 'emprestimo', 'UPDATE', 370, 'Cliente: 9, Livro: 94, Data: 2025-09-01', 'Cliente: 9, Livro: 94, Data: 2025-07-14', 'root@localhost', '2025-09-15 19:26:35', NULL);
INSERT INTO `logs_auditoria` (`id`, `tabela`, `operacao`, `id_registro`, `dados_anteriores`, `dados_novos`, `usuario`, `data_operacao`, `ip_usuario`) VALUES
(1146, 'emprestimo', 'UPDATE', 363, 'Cliente: 9, Livro: 87, Data: 2025-09-01', 'Cliente: 9, Livro: 87, Data: 2025-07-28', 'root@localhost', '2025-09-15 19:26:35', NULL),
(1147, 'emprestimo', 'UPDATE', 356, 'Cliente: 9, Livro: 80, Data: 2025-09-14', 'Cliente: 9, Livro: 80, Data: 2025-07-23', 'root@localhost', '2025-09-15 19:26:35', NULL),
(1148, 'emprestimo', 'UPDATE', 350, 'Cliente: 10, Livro: 74, Data: 2025-09-08', 'Cliente: 10, Livro: 74, Data: 2025-07-01', 'root@localhost', '2025-09-15 19:26:35', NULL),
(1149, 'emprestimo', 'UPDATE', 344, 'Cliente: 11, Livro: 68, Data: 2025-09-14', 'Cliente: 11, Livro: 68, Data: 2025-07-17', 'root@localhost', '2025-09-15 19:26:35', NULL),
(1150, 'emprestimo', 'UPDATE', 336, 'Cliente: 10, Livro: 60, Data: 2025-09-05', 'Cliente: 10, Livro: 60, Data: 2025-07-19', 'root@localhost', '2025-09-15 19:26:35', NULL),
(1151, 'emprestimo', 'UPDATE', 328, 'Cliente: 9, Livro: 52, Data: 2025-09-10', 'Cliente: 9, Livro: 52, Data: 2025-07-26', 'root@localhost', '2025-09-15 19:26:35', NULL),
(1152, 'emprestimo', 'UPDATE', 319, 'Cliente: 3, Livro: 43, Data: 2025-09-13', 'Cliente: 3, Livro: 43, Data: 2025-07-16', 'root@localhost', '2025-09-15 19:26:35', NULL),
(1153, 'emprestimo', 'UPDATE', 312, 'Cliente: 3, Livro: 36, Data: 2025-09-02', 'Cliente: 3, Livro: 36, Data: 2025-07-27', 'root@localhost', '2025-09-15 19:26:35', NULL),
(1154, 'emprestimo', 'UPDATE', 306, 'Cliente: 8, Livro: 30, Data: 2025-09-10', 'Cliente: 8, Livro: 30, Data: 2025-07-28', 'root@localhost', '2025-09-15 19:26:35', NULL),
(1155, 'emprestimo', 'UPDATE', 300, 'Cliente: 9, Livro: 24, Data: 2025-09-04', 'Cliente: 9, Livro: 24, Data: 2025-07-03', 'root@localhost', '2025-09-15 19:26:35', NULL),
(1156, 'emprestimo', 'UPDATE', 295, 'Cliente: 11, Livro: 19, Data: 2025-09-12', 'Cliente: 11, Livro: 19, Data: 2025-07-19', 'root@localhost', '2025-09-15 19:26:35', NULL),
(1157, 'emprestimo', 'UPDATE', 289, 'Cliente: 12, Livro: 13, Data: 2025-09-06', 'Cliente: 12, Livro: 13, Data: 2025-07-26', 'root@localhost', '2025-09-15 19:26:35', NULL),
(1158, 'emprestimo', 'UPDATE', 284, 'Cliente: 3, Livro: 8, Data: 2025-09-05', 'Cliente: 3, Livro: 8, Data: 2025-07-27', 'root@localhost', '2025-09-15 19:26:35', NULL),
(1159, 'emprestimo', 'UPDATE', 277, 'Cliente: 3, Livro: 1, Data: 2025-09-11', 'Cliente: 3, Livro: 1, Data: 2025-07-28', 'root@localhost', '2025-09-15 19:26:35', NULL),
(1160, 'emprestimo', 'UPDATE', 269, 'Cliente: 3, Livro: 13, Data: 2025-09-02', 'Cliente: 3, Livro: 13, Data: 2025-07-07', 'root@localhost', '2025-09-15 19:26:35', NULL),
(1161, 'emprestimo', 'UPDATE', 262, 'Cliente: 3, Livro: 6, Data: 2025-09-13', 'Cliente: 3, Livro: 6, Data: 2025-07-04', 'root@localhost', '2025-09-15 19:26:35', NULL),
(1162, 'emprestimo', 'UPDATE', 251, 'Cliente: 10, Livro: 95, Data: 2025-09-06', 'Cliente: 10, Livro: 95, Data: 2025-07-05', 'root@localhost', '2025-09-15 19:26:35', NULL),
(1163, 'emprestimo', 'UPDATE', 235, 'Cliente: 8, Livro: 79, Data: 2025-09-12', 'Cliente: 8, Livro: 79, Data: 2025-07-13', 'root@localhost', '2025-09-15 19:26:35', NULL),
(1164, 'emprestimo', 'UPDATE', 219, 'Cliente: 13, Livro: 63, Data: 2025-09-05', 'Cliente: 13, Livro: 63, Data: 2025-07-15', 'root@localhost', '2025-09-15 19:26:35', NULL),
(1165, 'emprestimo', 'UPDATE', 572, 'Cliente: 8, Livro: 96, Data: 2025-09-11', 'Cliente: 8, Livro: 96, Data: 2025-06-12', 'root@localhost', '2025-09-15 19:26:35', NULL),
(1166, 'emprestimo', 'UPDATE', 561, 'Cliente: 11, Livro: 85, Data: 2025-09-02', 'Cliente: 11, Livro: 85, Data: 2025-06-04', 'root@localhost', '2025-09-15 19:26:35', NULL),
(1167, 'emprestimo', 'UPDATE', 555, 'Cliente: 12, Livro: 79, Data: 2025-09-06', 'Cliente: 12, Livro: 79, Data: 2025-06-23', 'root@localhost', '2025-09-15 19:26:35', NULL),
(1168, 'emprestimo', 'UPDATE', 548, 'Cliente: 12, Livro: 72, Data: 2025-09-09', 'Cliente: 12, Livro: 72, Data: 2025-06-17', 'root@localhost', '2025-09-15 19:26:35', NULL),
(1169, 'emprestimo', 'UPDATE', 541, 'Cliente: 12, Livro: 65, Data: 2025-09-13', 'Cliente: 12, Livro: 65, Data: 2025-06-09', 'root@localhost', '2025-09-15 19:26:35', NULL),
(1170, 'emprestimo', 'UPDATE', 535, 'Cliente: 13, Livro: 59, Data: 2025-09-12', 'Cliente: 13, Livro: 59, Data: 2025-06-26', 'root@localhost', '2025-09-15 19:26:35', NULL),
(1171, 'emprestimo', 'UPDATE', 527, 'Cliente: 12, Livro: 51, Data: 2025-09-06', 'Cliente: 12, Livro: 51, Data: 2025-06-26', 'root@localhost', '2025-09-15 19:26:35', NULL),
(1172, 'emprestimo', 'UPDATE', 521, 'Cliente: 13, Livro: 45, Data: 2025-09-07', 'Cliente: 13, Livro: 45, Data: 2025-06-06', 'root@localhost', '2025-09-15 19:26:35', NULL),
(1173, 'emprestimo', 'UPDATE', 514, 'Cliente: 13, Livro: 38, Data: 2025-09-09', 'Cliente: 13, Livro: 38, Data: 2025-06-15', 'root@localhost', '2025-09-15 19:26:35', NULL),
(1174, 'emprestimo', 'UPDATE', 508, 'Cliente: 3, Livro: 32, Data: 2025-09-01', 'Cliente: 3, Livro: 32, Data: 2025-06-15', 'root@localhost', '2025-09-15 19:26:35', NULL),
(1175, 'emprestimo', 'UPDATE', 502, 'Cliente: 8, Livro: 26, Data: 2025-09-13', 'Cliente: 8, Livro: 26, Data: 2025-06-19', 'root@localhost', '2025-09-15 19:26:35', NULL),
(1176, 'emprestimo', 'UPDATE', 495, 'Cliente: 8, Livro: 19, Data: 2025-09-10', 'Cliente: 8, Livro: 19, Data: 2025-06-01', 'root@localhost', '2025-09-15 19:26:35', NULL),
(1177, 'emprestimo', 'UPDATE', 489, 'Cliente: 9, Livro: 13, Data: 2025-09-12', 'Cliente: 9, Livro: 13, Data: 2025-06-14', 'root@localhost', '2025-09-15 19:26:35', NULL),
(1178, 'emprestimo', 'UPDATE', 482, 'Cliente: 9, Livro: 6, Data: 2025-09-09', 'Cliente: 9, Livro: 6, Data: 2025-06-17', 'root@localhost', '2025-09-15 19:26:35', NULL),
(1179, 'emprestimo', 'UPDATE', 473, 'Cliente: 3, Livro: 97, Data: 2025-09-06', 'Cliente: 3, Livro: 97, Data: 2025-06-06', 'root@localhost', '2025-09-15 19:26:35', NULL),
(1180, 'emprestimo', 'UPDATE', 468, 'Cliente: 9, Livro: 92, Data: 2025-09-06', 'Cliente: 9, Livro: 92, Data: 2025-06-03', 'root@localhost', '2025-09-15 19:26:35', NULL),
(1181, 'emprestimo', 'UPDATE', 462, 'Cliente: 10, Livro: 86, Data: 2025-09-11', 'Cliente: 10, Livro: 86, Data: 2025-06-03', 'root@localhost', '2025-09-15 19:26:35', NULL),
(1182, 'emprestimo', 'UPDATE', 456, 'Cliente: 11, Livro: 80, Data: 2025-09-07', 'Cliente: 11, Livro: 80, Data: 2025-06-22', 'root@localhost', '2025-09-15 19:26:35', NULL),
(1183, 'emprestimo', 'UPDATE', 448, 'Cliente: 10, Livro: 72, Data: 2025-09-01', 'Cliente: 10, Livro: 72, Data: 2025-06-19', 'root@localhost', '2025-09-15 19:26:35', NULL),
(1184, 'emprestimo', 'UPDATE', 442, 'Cliente: 11, Livro: 66, Data: 2025-09-04', 'Cliente: 11, Livro: 66, Data: 2025-06-22', 'root@localhost', '2025-09-15 19:26:35', NULL),
(1185, 'emprestimo', 'UPDATE', 435, 'Cliente: 11, Livro: 59, Data: 2025-09-01', 'Cliente: 11, Livro: 59, Data: 2025-06-08', 'root@localhost', '2025-09-15 19:26:35', NULL),
(1186, 'emprestimo', 'UPDATE', 428, 'Cliente: 11, Livro: 52, Data: 2025-09-05', 'Cliente: 11, Livro: 52, Data: 2025-06-11', 'root@localhost', '2025-09-15 19:26:35', NULL),
(1187, 'emprestimo', 'UPDATE', 422, 'Cliente: 12, Livro: 46, Data: 2025-09-14', 'Cliente: 12, Livro: 46, Data: 2025-06-28', 'root@localhost', '2025-09-15 19:26:35', NULL),
(1188, 'emprestimo', 'UPDATE', 417, 'Cliente: 3, Livro: 41, Data: 2025-09-11', 'Cliente: 3, Livro: 41, Data: 2025-06-17', 'root@localhost', '2025-09-15 19:26:35', NULL),
(1189, 'emprestimo', 'UPDATE', 409, 'Cliente: 13, Livro: 33, Data: 2025-09-02', 'Cliente: 13, Livro: 33, Data: 2025-06-02', 'root@localhost', '2025-09-15 19:26:35', NULL),
(1190, 'emprestimo', 'UPDATE', 403, 'Cliente: 3, Livro: 27, Data: 2025-09-10', 'Cliente: 3, Livro: 27, Data: 2025-06-25', 'root@localhost', '2025-09-15 19:26:35', NULL),
(1191, 'emprestimo', 'UPDATE', 396, 'Cliente: 3, Livro: 20, Data: 2025-09-04', 'Cliente: 3, Livro: 20, Data: 2025-06-19', 'root@localhost', '2025-09-15 19:26:35', NULL),
(1192, 'emprestimo', 'UPDATE', 387, 'Cliente: 12, Livro: 11, Data: 2025-09-02', 'Cliente: 12, Livro: 11, Data: 2025-06-02', 'root@localhost', '2025-09-15 19:26:35', NULL),
(1193, 'emprestimo', 'UPDATE', 380, 'Cliente: 12, Livro: 4, Data: 2025-09-05', 'Cliente: 12, Livro: 4, Data: 2025-06-11', 'root@localhost', '2025-09-15 19:26:35', NULL),
(1194, 'emprestimo', 'UPDATE', 374, 'Cliente: 13, Livro: 98, Data: 2025-09-02', 'Cliente: 13, Livro: 98, Data: 2025-06-28', 'root@localhost', '2025-09-15 19:26:35', NULL),
(1195, 'emprestimo', 'UPDATE', 369, 'Cliente: 8, Livro: 93, Data: 2025-09-02', 'Cliente: 8, Livro: 93, Data: 2025-06-04', 'root@localhost', '2025-09-15 19:26:35', NULL),
(1196, 'emprestimo', 'UPDATE', 361, 'Cliente: 3, Livro: 85, Data: 2025-09-04', 'Cliente: 3, Livro: 85, Data: 2025-06-01', 'root@localhost', '2025-09-15 19:26:35', NULL),
(1197, 'emprestimo', 'UPDATE', 355, 'Cliente: 8, Livro: 79, Data: 2025-09-06', 'Cliente: 8, Livro: 79, Data: 2025-06-29', 'root@localhost', '2025-09-15 19:26:35', NULL),
(1198, 'emprestimo', 'UPDATE', 348, 'Cliente: 8, Livro: 72, Data: 2025-09-14', 'Cliente: 8, Livro: 72, Data: 2025-06-10', 'root@localhost', '2025-09-15 19:26:35', NULL),
(1199, 'emprestimo', 'UPDATE', 343, 'Cliente: 10, Livro: 67, Data: 2025-09-08', 'Cliente: 10, Livro: 67, Data: 2025-06-16', 'root@localhost', '2025-09-15 19:26:35', NULL),
(1200, 'emprestimo', 'UPDATE', 335, 'Cliente: 9, Livro: 59, Data: 2025-09-06', 'Cliente: 9, Livro: 59, Data: 2025-06-28', 'root@localhost', '2025-09-15 19:26:35', NULL),
(1201, 'emprestimo', 'UPDATE', 324, 'Cliente: 12, Livro: 48, Data: 2025-09-04', 'Cliente: 12, Livro: 48, Data: 2025-06-04', 'root@localhost', '2025-09-15 19:26:35', NULL),
(1202, 'emprestimo', 'UPDATE', 317, 'Cliente: 12, Livro: 41, Data: 2025-09-08', 'Cliente: 12, Livro: 41, Data: 2025-06-04', 'root@localhost', '2025-09-15 19:26:35', NULL),
(1203, 'emprestimo', 'UPDATE', 311, 'Cliente: 13, Livro: 35, Data: 2025-09-13', 'Cliente: 13, Livro: 35, Data: 2025-06-28', 'root@localhost', '2025-09-15 19:26:35', NULL),
(1204, 'emprestimo', 'UPDATE', 305, 'Cliente: 3, Livro: 29, Data: 2025-09-02', 'Cliente: 3, Livro: 29, Data: 2025-06-04', 'root@localhost', '2025-09-15 19:26:35', NULL),
(1205, 'emprestimo', 'UPDATE', 299, 'Cliente: 8, Livro: 23, Data: 2025-09-08', 'Cliente: 8, Livro: 23, Data: 2025-06-09', 'root@localhost', '2025-09-15 19:26:35', NULL),
(1206, 'emprestimo', 'UPDATE', 293, 'Cliente: 9, Livro: 17, Data: 2025-09-10', 'Cliente: 9, Livro: 17, Data: 2025-06-29', 'root@localhost', '2025-09-15 19:26:35', NULL),
(1207, 'emprestimo', 'UPDATE', 288, 'Cliente: 11, Livro: 12, Data: 2025-09-01', 'Cliente: 11, Livro: 12, Data: 2025-06-11', 'root@localhost', '2025-09-15 19:26:35', NULL),
(1208, 'emprestimo', 'UPDATE', 282, 'Cliente: 12, Livro: 6, Data: 2025-09-03', 'Cliente: 12, Livro: 6, Data: 2025-06-25', 'root@localhost', '2025-09-15 19:26:35', NULL),
(1209, 'emprestimo', 'UPDATE', 276, 'Cliente: 3, Livro: 20, Data: 2025-09-14', 'Cliente: 3, Livro: 20, Data: 2025-06-15', 'root@localhost', '2025-09-15 19:26:35', NULL),
(1210, 'emprestimo', 'UPDATE', 268, 'Cliente: 13, Livro: 12, Data: 2025-09-10', 'Cliente: 13, Livro: 12, Data: 2025-06-12', 'root@localhost', '2025-09-15 19:26:35', NULL),
(1211, 'emprestimo', 'UPDATE', 260, 'Cliente: 12, Livro: 4, Data: 2025-09-06', 'Cliente: 12, Livro: 4, Data: 2025-06-03', 'root@localhost', '2025-09-15 19:26:35', NULL),
(1212, 'emprestimo', 'UPDATE', 249, 'Cliente: 8, Livro: 93, Data: 2025-09-02', 'Cliente: 8, Livro: 93, Data: 2025-06-12', 'root@localhost', '2025-09-15 19:26:35', NULL),
(1213, 'emprestimo', 'UPDATE', 232, 'Cliente: 12, Livro: 76, Data: 2025-09-07', 'Cliente: 12, Livro: 76, Data: 2025-06-08', 'root@localhost', '2025-09-15 19:26:35', NULL),
(1214, 'emprestimo', 'UPDATE', 218, 'Cliente: 12, Livro: 62, Data: 2025-09-06', 'Cliente: 12, Livro: 62, Data: 2025-06-21', 'root@localhost', '2025-09-15 19:26:35', NULL),
(1215, 'emprestimo', 'UPDATE', 571, 'Cliente: 3, Livro: 95, Data: 2025-09-07', 'Cliente: 3, Livro: 95, Data: 2025-05-23', 'root@localhost', '2025-09-15 19:26:35', NULL),
(1216, 'emprestimo', 'UPDATE', 560, 'Cliente: 10, Livro: 84, Data: 2025-09-13', 'Cliente: 10, Livro: 84, Data: 2025-05-12', 'root@localhost', '2025-09-15 19:26:35', NULL),
(1217, 'emprestimo', 'UPDATE', 553, 'Cliente: 10, Livro: 77, Data: 2025-09-12', 'Cliente: 10, Livro: 77, Data: 2025-05-10', 'root@localhost', '2025-09-15 19:26:35', NULL),
(1218, 'emprestimo', 'UPDATE', 547, 'Cliente: 11, Livro: 71, Data: 2025-09-01', 'Cliente: 11, Livro: 71, Data: 2025-05-18', 'root@localhost', '2025-09-15 19:26:35', NULL),
(1219, 'emprestimo', 'UPDATE', 540, 'Cliente: 11, Livro: 64, Data: 2025-09-13', 'Cliente: 11, Livro: 64, Data: 2025-05-21', 'root@localhost', '2025-09-15 19:26:35', NULL),
(1220, 'emprestimo', 'UPDATE', 533, 'Cliente: 11, Livro: 57, Data: 2025-09-08', 'Cliente: 11, Livro: 57, Data: 2025-05-08', 'root@localhost', '2025-09-15 19:26:35', NULL),
(1221, 'emprestimo', 'UPDATE', 525, 'Cliente: 10, Livro: 49, Data: 2025-09-05', 'Cliente: 10, Livro: 49, Data: 2025-05-14', 'root@localhost', '2025-09-15 19:26:35', NULL),
(1222, 'emprestimo', 'UPDATE', 520, 'Cliente: 12, Livro: 44, Data: 2025-09-07', 'Cliente: 12, Livro: 44, Data: 2025-05-02', 'root@localhost', '2025-09-15 19:26:35', NULL),
(1223, 'emprestimo', 'UPDATE', 513, 'Cliente: 12, Livro: 37, Data: 2025-09-04', 'Cliente: 12, Livro: 37, Data: 2025-05-02', 'root@localhost', '2025-09-15 19:26:35', NULL),
(1224, 'emprestimo', 'UPDATE', 506, 'Cliente: 12, Livro: 30, Data: 2025-09-03', 'Cliente: 12, Livro: 30, Data: 2025-05-14', 'root@localhost', '2025-09-15 19:26:35', NULL),
(1225, 'emprestimo', 'UPDATE', 500, 'Cliente: 13, Livro: 24, Data: 2025-09-01', 'Cliente: 13, Livro: 24, Data: 2025-05-06', 'root@localhost', '2025-09-15 19:26:35', NULL),
(1226, 'emprestimo', 'UPDATE', 494, 'Cliente: 3, Livro: 18, Data: 2025-09-12', 'Cliente: 3, Livro: 18, Data: 2025-05-06', 'root@localhost', '2025-09-15 19:26:35', NULL),
(1227, 'emprestimo', 'UPDATE', 486, 'Cliente: 13, Livro: 10, Data: 2025-09-08', 'Cliente: 13, Livro: 10, Data: 2025-05-15', 'root@localhost', '2025-09-15 19:26:35', NULL),
(1228, 'emprestimo', 'UPDATE', 479, 'Cliente: 13, Livro: 3, Data: 2025-09-12', 'Cliente: 13, Livro: 3, Data: 2025-05-04', 'root@localhost', '2025-09-15 19:26:35', NULL),
(1229, 'emprestimo', 'UPDATE', 472, 'Cliente: 13, Livro: 96, Data: 2025-09-10', 'Cliente: 13, Livro: 96, Data: 2025-05-24', 'root@localhost', '2025-09-15 19:26:35', NULL),
(1230, 'emprestimo', 'UPDATE', 467, 'Cliente: 8, Livro: 91, Data: 2025-09-11', 'Cliente: 8, Livro: 91, Data: 2025-05-07', 'root@localhost', '2025-09-15 19:26:35', NULL),
(1231, 'emprestimo', 'UPDATE', 461, 'Cliente: 9, Livro: 85, Data: 2025-09-01', 'Cliente: 9, Livro: 85, Data: 2025-05-10', 'root@localhost', '2025-09-15 19:26:35', NULL),
(1232, 'emprestimo', 'UPDATE', 454, 'Cliente: 9, Livro: 78, Data: 2025-09-06', 'Cliente: 9, Livro: 78, Data: 2025-05-04', 'root@localhost', '2025-09-15 19:26:35', NULL),
(1233, 'emprestimo', 'UPDATE', 447, 'Cliente: 9, Livro: 71, Data: 2025-09-10', 'Cliente: 9, Livro: 71, Data: 2025-05-29', 'root@localhost', '2025-09-15 19:26:35', NULL),
(1234, 'emprestimo', 'UPDATE', 440, 'Cliente: 9, Livro: 64, Data: 2025-09-12', 'Cliente: 9, Livro: 64, Data: 2025-05-18', 'root@localhost', '2025-09-15 19:26:35', NULL),
(1235, 'emprestimo', 'UPDATE', 433, 'Cliente: 9, Livro: 57, Data: 2025-09-03', 'Cliente: 9, Livro: 57, Data: 2025-05-15', 'root@localhost', '2025-09-15 19:26:35', NULL),
(1236, 'emprestimo', 'UPDATE', 427, 'Cliente: 10, Livro: 51, Data: 2025-09-14', 'Cliente: 10, Livro: 51, Data: 2025-05-20', 'root@localhost', '2025-09-15 19:26:35', NULL),
(1237, 'emprestimo', 'UPDATE', 421, 'Cliente: 11, Livro: 45, Data: 2025-09-01', 'Cliente: 11, Livro: 45, Data: 2025-05-13', 'root@localhost', '2025-09-15 19:26:35', NULL),
(1238, 'emprestimo', 'UPDATE', 415, 'Cliente: 12, Livro: 39, Data: 2025-09-14', 'Cliente: 12, Livro: 39, Data: 2025-05-12', 'root@localhost', '2025-09-15 19:26:35', NULL),
(1239, 'emprestimo', 'UPDATE', 408, 'Cliente: 12, Livro: 32, Data: 2025-09-01', 'Cliente: 12, Livro: 32, Data: 2025-05-08', 'root@localhost', '2025-09-15 19:26:35', NULL),
(1240, 'emprestimo', 'UPDATE', 401, 'Cliente: 12, Livro: 25, Data: 2025-09-08', 'Cliente: 12, Livro: 25, Data: 2025-05-07', 'root@localhost', '2025-09-15 19:26:35', NULL),
(1241, 'emprestimo', 'UPDATE', 394, 'Cliente: 12, Livro: 18, Data: 2025-09-14', 'Cliente: 12, Livro: 18, Data: 2025-05-15', 'root@localhost', '2025-09-15 19:26:35', NULL),
(1242, 'emprestimo', 'UPDATE', 386, 'Cliente: 11, Livro: 10, Data: 2025-09-06', 'Cliente: 11, Livro: 10, Data: 2025-05-08', 'root@localhost', '2025-09-15 19:26:35', NULL),
(1243, 'emprestimo', 'UPDATE', 379, 'Cliente: 11, Livro: 3, Data: 2025-09-03', 'Cliente: 11, Livro: 3, Data: 2025-05-23', 'root@localhost', '2025-09-15 19:26:35', NULL),
(1244, 'emprestimo', 'UPDATE', 373, 'Cliente: 12, Livro: 97, Data: 2025-09-06', 'Cliente: 12, Livro: 97, Data: 2025-05-04', 'root@localhost', '2025-09-15 19:26:35', NULL),
(1245, 'emprestimo', 'UPDATE', 368, 'Cliente: 3, Livro: 92, Data: 2025-09-03', 'Cliente: 3, Livro: 92, Data: 2025-05-22', 'root@localhost', '2025-09-15 19:26:35', NULL),
(1246, 'emprestimo', 'UPDATE', 359, 'Cliente: 12, Livro: 83, Data: 2025-09-05', 'Cliente: 12, Livro: 83, Data: 2025-05-17', 'root@localhost', '2025-09-15 19:26:35', NULL),
(1247, 'emprestimo', 'UPDATE', 354, 'Cliente: 3, Livro: 78, Data: 2025-09-04', 'Cliente: 3, Livro: 78, Data: 2025-05-02', 'root@localhost', '2025-09-15 19:26:35', NULL),
(1248, 'emprestimo', 'UPDATE', 347, 'Cliente: 3, Livro: 71, Data: 2025-09-12', 'Cliente: 3, Livro: 71, Data: 2025-05-19', 'root@localhost', '2025-09-15 19:26:35', NULL),
(1249, 'emprestimo', 'UPDATE', 340, 'Cliente: 3, Livro: 64, Data: 2025-09-13', 'Cliente: 3, Livro: 64, Data: 2025-05-07', 'root@localhost', '2025-09-15 19:26:35', NULL),
(1250, 'emprestimo', 'UPDATE', 331, 'Cliente: 12, Livro: 55, Data: 2025-09-14', 'Cliente: 12, Livro: 55, Data: 2025-05-03', 'root@localhost', '2025-09-15 19:26:35', NULL),
(1251, 'emprestimo', 'UPDATE', 323, 'Cliente: 11, Livro: 47, Data: 2025-09-03', 'Cliente: 11, Livro: 47, Data: 2025-05-24', 'root@localhost', '2025-09-15 19:26:35', NULL),
(1252, 'emprestimo', 'UPDATE', 316, 'Cliente: 11, Livro: 40, Data: 2025-09-06', 'Cliente: 11, Livro: 40, Data: 2025-05-08', 'root@localhost', '2025-09-15 19:26:35', NULL),
(1253, 'emprestimo', 'UPDATE', 310, 'Cliente: 12, Livro: 34, Data: 2025-09-01', 'Cliente: 12, Livro: 34, Data: 2025-05-07', 'root@localhost', '2025-09-15 19:26:35', NULL),
(1254, 'emprestimo', 'UPDATE', 304, 'Cliente: 13, Livro: 28, Data: 2025-09-04', 'Cliente: 13, Livro: 28, Data: 2025-05-14', 'root@localhost', '2025-09-15 19:26:35', NULL),
(1255, 'emprestimo', 'UPDATE', 298, 'Cliente: 3, Livro: 22, Data: 2025-09-08', 'Cliente: 3, Livro: 22, Data: 2025-05-24', 'root@localhost', '2025-09-15 19:26:35', NULL),
(1256, 'emprestimo', 'UPDATE', 292, 'Cliente: 8, Livro: 16, Data: 2025-09-10', 'Cliente: 8, Livro: 16, Data: 2025-05-20', 'root@localhost', '2025-09-15 19:26:35', NULL),
(1257, 'emprestimo', 'UPDATE', 287, 'Cliente: 10, Livro: 11, Data: 2025-09-02', 'Cliente: 10, Livro: 11, Data: 2025-05-18', 'root@localhost', '2025-09-15 19:26:35', NULL),
(1258, 'emprestimo', 'UPDATE', 281, 'Cliente: 11, Livro: 5, Data: 2025-09-12', 'Cliente: 11, Livro: 5, Data: 2025-05-01', 'root@localhost', '2025-09-15 19:26:35', NULL),
(1259, 'emprestimo', 'UPDATE', 275, 'Cliente: 13, Livro: 19, Data: 2025-09-03', 'Cliente: 13, Livro: 19, Data: 2025-05-24', 'root@localhost', '2025-09-15 19:26:35', NULL),
(1260, 'emprestimo', 'UPDATE', 267, 'Cliente: 12, Livro: 11, Data: 2025-09-02', 'Cliente: 12, Livro: 11, Data: 2025-05-30', 'root@localhost', '2025-09-15 19:26:35', NULL),
(1261, 'emprestimo', 'UPDATE', 259, 'Cliente: 11, Livro: 3, Data: 2025-09-06', 'Cliente: 11, Livro: 3, Data: 2025-05-03', 'root@localhost', '2025-09-15 19:26:35', NULL),
(1262, 'emprestimo', 'UPDATE', 245, 'Cliente: 11, Livro: 89, Data: 2025-09-13', 'Cliente: 11, Livro: 89, Data: 2025-05-06', 'root@localhost', '2025-09-15 19:26:35', NULL),
(1263, 'emprestimo', 'UPDATE', 231, 'Cliente: 11, Livro: 75, Data: 2025-09-14', 'Cliente: 11, Livro: 75, Data: 2025-05-10', 'root@localhost', '2025-09-15 19:26:35', NULL),
(1264, 'emprestimo', 'UPDATE', 217, 'Cliente: 11, Livro: 61, Data: 2025-09-08', 'Cliente: 11, Livro: 61, Data: 2025-05-18', 'root@localhost', '2025-09-15 19:26:35', NULL),
(1265, 'emprestimo', 'UPDATE', 569, 'Cliente: 12, Livro: 93, Data: 2025-09-03', 'Cliente: 12, Livro: 93, Data: 2025-04-02', 'root@localhost', '2025-09-15 19:26:35', NULL),
(1266, 'emprestimo', 'UPDATE', 559, 'Cliente: 9, Livro: 83, Data: 2025-09-09', 'Cliente: 9, Livro: 83, Data: 2025-04-28', 'root@localhost', '2025-09-15 19:26:35', NULL),
(1267, 'emprestimo', 'UPDATE', 552, 'Cliente: 9, Livro: 76, Data: 2025-09-09', 'Cliente: 9, Livro: 76, Data: 2025-04-09', 'root@localhost', '2025-09-15 19:26:35', NULL),
(1268, 'emprestimo', 'UPDATE', 546, 'Cliente: 10, Livro: 70, Data: 2025-09-04', 'Cliente: 10, Livro: 70, Data: 2025-04-27', 'root@localhost', '2025-09-15 19:26:35', NULL),
(1269, 'emprestimo', 'UPDATE', 538, 'Cliente: 9, Livro: 62, Data: 2025-09-04', 'Cliente: 9, Livro: 62, Data: 2025-04-12', 'root@localhost', '2025-09-15 19:26:35', NULL),
(1270, 'emprestimo', 'UPDATE', 530, 'Cliente: 8, Livro: 54, Data: 2025-09-11', 'Cliente: 8, Livro: 54, Data: 2025-04-22', 'root@localhost', '2025-09-15 19:26:35', NULL),
(1271, 'emprestimo', 'UPDATE', 524, 'Cliente: 9, Livro: 48, Data: 2025-09-06', 'Cliente: 9, Livro: 48, Data: 2025-04-05', 'root@localhost', '2025-09-15 19:26:35', NULL),
(1272, 'emprestimo', 'UPDATE', 517, 'Cliente: 9, Livro: 41, Data: 2025-09-14', 'Cliente: 9, Livro: 41, Data: 2025-04-01', 'root@localhost', '2025-09-15 19:26:35', NULL),
(1273, 'emprestimo', 'UPDATE', 511, 'Cliente: 10, Livro: 35, Data: 2025-09-01', 'Cliente: 10, Livro: 35, Data: 2025-04-16', 'root@localhost', '2025-09-15 19:26:35', NULL),
(1274, 'emprestimo', 'UPDATE', 505, 'Cliente: 11, Livro: 29, Data: 2025-09-11', 'Cliente: 11, Livro: 29, Data: 2025-04-12', 'root@localhost', '2025-09-15 19:26:35', NULL),
(1275, 'emprestimo', 'UPDATE', 499, 'Cliente: 12, Livro: 23, Data: 2025-09-03', 'Cliente: 12, Livro: 23, Data: 2025-04-07', 'root@localhost', '2025-09-15 19:26:35', NULL),
(1276, 'emprestimo', 'UPDATE', 493, 'Cliente: 13, Livro: 17, Data: 2025-09-13', 'Cliente: 13, Livro: 17, Data: 2025-04-15', 'root@localhost', '2025-09-15 19:26:35', NULL),
(1277, 'emprestimo', 'UPDATE', 485, 'Cliente: 12, Livro: 9, Data: 2025-09-11', 'Cliente: 12, Livro: 9, Data: 2025-04-17', 'root@localhost', '2025-09-15 19:26:35', NULL),
(1278, 'emprestimo', 'UPDATE', 478, 'Cliente: 12, Livro: 2, Data: 2025-09-03', 'Cliente: 12, Livro: 2, Data: 2025-04-22', 'root@localhost', '2025-09-15 19:26:35', NULL),
(1279, 'emprestimo', 'UPDATE', 471, 'Cliente: 12, Livro: 95, Data: 2025-09-09', 'Cliente: 12, Livro: 95, Data: 2025-04-22', 'root@localhost', '2025-09-15 19:26:35', NULL),
(1280, 'emprestimo', 'UPDATE', 466, 'Cliente: 3, Livro: 90, Data: 2025-09-05', 'Cliente: 3, Livro: 90, Data: 2025-04-21', 'root@localhost', '2025-09-15 19:26:35', NULL),
(1281, 'emprestimo', 'UPDATE', 459, 'Cliente: 3, Livro: 83, Data: 2025-09-03', 'Cliente: 3, Livro: 83, Data: 2025-04-27', 'root@localhost', '2025-09-15 19:26:35', NULL),
(1282, 'emprestimo', 'UPDATE', 452, 'Cliente: 3, Livro: 76, Data: 2025-09-03', 'Cliente: 3, Livro: 76, Data: 2025-04-21', 'root@localhost', '2025-09-15 19:26:35', NULL),
(1283, 'emprestimo', 'UPDATE', 446, 'Cliente: 8, Livro: 70, Data: 2025-09-03', 'Cliente: 8, Livro: 70, Data: 2025-04-24', 'root@localhost', '2025-09-15 19:26:35', NULL),
(1284, 'emprestimo', 'UPDATE', 439, 'Cliente: 8, Livro: 63, Data: 2025-09-06', 'Cliente: 8, Livro: 63, Data: 2025-04-05', 'root@localhost', '2025-09-15 19:26:35', NULL),
(1285, 'emprestimo', 'UPDATE', 432, 'Cliente: 8, Livro: 56, Data: 2025-09-01', 'Cliente: 8, Livro: 56, Data: 2025-04-01', 'root@localhost', '2025-09-15 19:26:35', NULL),
(1286, 'emprestimo', 'UPDATE', 425, 'Cliente: 8, Livro: 49, Data: 2025-09-01', 'Cliente: 8, Livro: 49, Data: 2025-04-16', 'root@localhost', '2025-09-15 19:26:35', NULL),
(1287, 'emprestimo', 'UPDATE', 420, 'Cliente: 10, Livro: 44, Data: 2025-09-01', 'Cliente: 10, Livro: 44, Data: 2025-04-13', 'root@localhost', '2025-09-15 19:26:35', NULL),
(1288, 'emprestimo', 'UPDATE', 414, 'Cliente: 11, Livro: 38, Data: 2025-09-09', 'Cliente: 11, Livro: 38, Data: 2025-04-19', 'root@localhost', '2025-09-15 19:26:35', NULL),
(1289, 'emprestimo', 'UPDATE', 407, 'Cliente: 11, Livro: 31, Data: 2025-09-05', 'Cliente: 11, Livro: 31, Data: 2025-04-07', 'root@localhost', '2025-09-15 19:26:35', NULL),
(1290, 'emprestimo', 'UPDATE', 400, 'Cliente: 11, Livro: 24, Data: 2025-09-13', 'Cliente: 11, Livro: 24, Data: 2025-04-25', 'root@localhost', '2025-09-15 19:26:35', NULL),
(1291, 'emprestimo', 'UPDATE', 391, 'Cliente: 9, Livro: 15, Data: 2025-09-14', 'Cliente: 9, Livro: 15, Data: 2025-04-18', 'root@localhost', '2025-09-15 19:26:35', NULL),
(1292, 'emprestimo', 'UPDATE', 385, 'Cliente: 10, Livro: 9, Data: 2025-09-10', 'Cliente: 10, Livro: 9, Data: 2025-04-04', 'root@localhost', '2025-09-15 19:26:35', NULL),
(1293, 'emprestimo', 'UPDATE', 378, 'Cliente: 10, Livro: 2, Data: 2025-09-06', 'Cliente: 10, Livro: 2, Data: 2025-04-27', 'root@localhost', '2025-09-15 19:26:35', NULL),
(1294, 'emprestimo', 'UPDATE', 372, 'Cliente: 11, Livro: 96, Data: 2025-09-10', 'Cliente: 11, Livro: 96, Data: 2025-04-05', 'root@localhost', '2025-09-15 19:26:35', NULL),
(1295, 'emprestimo', 'UPDATE', 366, 'Cliente: 12, Livro: 90, Data: 2025-09-14', 'Cliente: 12, Livro: 90, Data: 2025-04-22', 'root@localhost', '2025-09-15 19:26:35', NULL),
(1296, 'emprestimo', 'UPDATE', 358, 'Cliente: 11, Livro: 82, Data: 2025-09-02', 'Cliente: 11, Livro: 82, Data: 2025-04-01', 'root@localhost', '2025-09-15 19:26:35', NULL),
(1297, 'emprestimo', 'UPDATE', 352, 'Cliente: 12, Livro: 76, Data: 2025-09-02', 'Cliente: 12, Livro: 76, Data: 2025-04-28', 'root@localhost', '2025-09-15 19:26:35', NULL),
(1298, 'emprestimo', 'UPDATE', 346, 'Cliente: 13, Livro: 70, Data: 2025-09-11', 'Cliente: 13, Livro: 70, Data: 2025-04-04', 'root@localhost', '2025-09-15 19:26:35', NULL),
(1299, 'emprestimo', 'UPDATE', 339, 'Cliente: 13, Livro: 63, Data: 2025-09-11', 'Cliente: 13, Livro: 63, Data: 2025-04-21', 'root@localhost', '2025-09-15 19:26:35', NULL),
(1300, 'emprestimo', 'UPDATE', 330, 'Cliente: 11, Livro: 54, Data: 2025-09-09', 'Cliente: 11, Livro: 54, Data: 2025-04-22', 'root@localhost', '2025-09-15 19:26:35', NULL),
(1301, 'emprestimo', 'UPDATE', 321, 'Cliente: 9, Livro: 45, Data: 2025-09-01', 'Cliente: 9, Livro: 45, Data: 2025-04-05', 'root@localhost', '2025-09-15 19:26:35', NULL),
(1302, 'emprestimo', 'UPDATE', 314, 'Cliente: 9, Livro: 38, Data: 2025-09-02', 'Cliente: 9, Livro: 38, Data: 2025-04-10', 'root@localhost', '2025-09-15 19:26:35', NULL),
(1303, 'emprestimo', 'UPDATE', 309, 'Cliente: 11, Livro: 33, Data: 2025-09-06', 'Cliente: 11, Livro: 33, Data: 2025-04-19', 'root@localhost', '2025-09-15 19:26:35', NULL),
(1304, 'emprestimo', 'UPDATE', 303, 'Cliente: 12, Livro: 27, Data: 2025-09-06', 'Cliente: 12, Livro: 27, Data: 2025-04-27', 'root@localhost', '2025-09-15 19:26:35', NULL),
(1305, 'emprestimo', 'UPDATE', 297, 'Cliente: 13, Livro: 21, Data: 2025-09-04', 'Cliente: 13, Livro: 21, Data: 2025-04-19', 'root@localhost', '2025-09-15 19:26:35', NULL),
(1306, 'emprestimo', 'UPDATE', 291, 'Cliente: 3, Livro: 15, Data: 2025-09-13', 'Cliente: 3, Livro: 15, Data: 2025-04-06', 'root@localhost', '2025-09-15 19:26:35', NULL),
(1307, 'emprestimo', 'UPDATE', 286, 'Cliente: 9, Livro: 10, Data: 2025-09-12', 'Cliente: 9, Livro: 10, Data: 2025-04-03', 'root@localhost', '2025-09-15 19:26:35', NULL),
(1308, 'emprestimo', 'UPDATE', 279, 'Cliente: 9, Livro: 3, Data: 2025-09-04', 'Cliente: 9, Livro: 3, Data: 2025-04-09', 'root@localhost', '2025-09-15 19:26:35', NULL),
(1309, 'emprestimo', 'UPDATE', 273, 'Cliente: 11, Livro: 17, Data: 2025-09-09', 'Cliente: 11, Livro: 17, Data: 2025-04-22', 'root@localhost', '2025-09-15 19:26:35', NULL),
(1310, 'emprestimo', 'UPDATE', 266, 'Cliente: 11, Livro: 10, Data: 2025-09-01', 'Cliente: 11, Livro: 10, Data: 2025-04-11', 'root@localhost', '2025-09-15 19:26:35', NULL),
(1311, 'emprestimo', 'UPDATE', 258, 'Cliente: 10, Livro: 2, Data: 2025-09-03', 'Cliente: 10, Livro: 2, Data: 2025-04-24', 'root@localhost', '2025-09-15 19:26:35', NULL),
(1312, 'emprestimo', 'UPDATE', 241, 'Cliente: 3, Livro: 85, Data: 2025-09-11', 'Cliente: 3, Livro: 85, Data: 2025-04-19', 'root@localhost', '2025-09-15 19:26:35', NULL),
(1313, 'emprestimo', 'UPDATE', 229, 'Cliente: 9, Livro: 73, Data: 2025-09-06', 'Cliente: 9, Livro: 73, Data: 2025-04-01', 'root@localhost', '2025-09-15 19:26:35', NULL),
(1314, 'emprestimo', 'UPDATE', 216, 'Cliente: 10, Livro: 60, Data: 2025-09-06', 'Cliente: 10, Livro: 60, Data: 2025-04-19', 'root@localhost', '2025-09-15 19:26:35', NULL);

-- --------------------------------------------------------

--
-- Estrutura para tabela `multa`
--

CREATE TABLE `multa` (
  `Cod_Multa` int(11) NOT NULL,
  `Cod_Emprestimo` int(11) NOT NULL,
  `Data_Multa` date NOT NULL,
  `Valor_Multa` decimal(10,2) NOT NULL,
  `Status_Multa` enum('Pendente','Paga') DEFAULT 'Pendente'
) ENGINE=InnoDB DEFAULT CHARSET=utf8mb4 COLLATE=utf8mb4_general_ci;

-- --------------------------------------------------------

--
-- Estrutura para tabela `perfil_cliente`
--

CREATE TABLE `perfil_cliente` (
  `Cod_Perfil` int(11) NOT NULL,
  `Nome_Perfil` varchar(255) DEFAULT NULL
) ENGINE=InnoDB DEFAULT CHARSET=utf8mb4 COLLATE=utf8mb4_general_ci;

--
-- Despejando dados para a tabela `perfil_cliente`
--

INSERT INTO `perfil_cliente` (`Cod_Perfil`, `Nome_Perfil`) VALUES
(1, 'Criança'),
(2, 'Responsável');

-- --------------------------------------------------------

--
-- Estrutura para tabela `perfil_funcionario`
--

CREATE TABLE `perfil_funcionario` (
  `Cod_Perfil` int(11) NOT NULL,
  `Nome_Perfil` varchar(255) DEFAULT NULL
) ENGINE=InnoDB DEFAULT CHARSET=utf8mb4 COLLATE=utf8mb4_general_ci;

--
-- Despejando dados para a tabela `perfil_funcionario`
--

INSERT INTO `perfil_funcionario` (`Cod_Perfil`, `Nome_Perfil`) VALUES
(1, 'Gerente'),
(2, 'Gestor'),
(3, 'Bibliotecário'),
(4, 'Recreador'),
(5, 'Repositor');

--
-- Índices para tabelas despejadas
--

--
-- Índices de tabela `autor`
--
ALTER TABLE `autor`
  ADD PRIMARY KEY (`Cod_Autor`);

--
-- Índices de tabela `cliente`
--
ALTER TABLE `cliente`
  ADD PRIMARY KEY (`Cod_Cliente`),
  ADD KEY `fk_Cod_Perfil` (`Cod_Perfil`);

--
-- Índices de tabela `doador`
--
ALTER TABLE `doador`
  ADD PRIMARY KEY (`Cod_Doador`);

--
-- Índices de tabela `editora`
--
ALTER TABLE `editora`
  ADD PRIMARY KEY (`Cod_Editora`);

--
-- Índices de tabela `emprestimo`
--
ALTER TABLE `emprestimo`
  ADD PRIMARY KEY (`Cod_Emprestimo`),
  ADD KEY `FK_Cliente_Emprestimo` (`Cod_Cliente`),
  ADD KEY `FK_Livro_Emprestimo` (`Cod_Livro`);

--
-- Índices de tabela `funcionario`
--
ALTER TABLE `funcionario`
  ADD PRIMARY KEY (`Cod_Funcionario`),
  ADD KEY `fk_Cod_Perfil_Func` (`Cod_Perfil`);

--
-- Índices de tabela `genero`
--
ALTER TABLE `genero`
  ADD PRIMARY KEY (`Cod_Genero`);

--
-- Índices de tabela `livro`
--
ALTER TABLE `livro`
  ADD PRIMARY KEY (`Cod_Livro`),
  ADD KEY `fk_Cod_Autor` (`Cod_Autor`),
  ADD KEY `fk_Cod_Editora` (`Cod_Editora`),
  ADD KEY `fk_Cod_Doador` (`Cod_Doador`),
  ADD KEY `fk_Cod_Genero` (`Cod_Genero`);

--
-- Índices de tabela `logs_auditoria`
--
ALTER TABLE `logs_auditoria`
  ADD PRIMARY KEY (`id`),
  ADD KEY `idx_data_operacao` (`data_operacao`),
  ADD KEY `idx_tabela` (`tabela`),
  ADD KEY `idx_operacao` (`operacao`);

--
-- Índices de tabela `multa`
--
ALTER TABLE `multa`
  ADD PRIMARY KEY (`Cod_Multa`),
  ADD KEY `FK_Multa_Emprestimo` (`Cod_Emprestimo`);

--
-- Índices de tabela `perfil_cliente`
--
ALTER TABLE `perfil_cliente`
  ADD PRIMARY KEY (`Cod_Perfil`);

--
-- Índices de tabela `perfil_funcionario`
--
ALTER TABLE `perfil_funcionario`
  ADD PRIMARY KEY (`Cod_Perfil`);

--
-- AUTO_INCREMENT para tabelas despejadas
--

--
-- AUTO_INCREMENT de tabela `autor`
--
ALTER TABLE `autor`
  MODIFY `Cod_Autor` int(11) NOT NULL AUTO_INCREMENT, AUTO_INCREMENT=35;

--
-- AUTO_INCREMENT de tabela `cliente`
--
ALTER TABLE `cliente`
  MODIFY `Cod_Cliente` int(11) NOT NULL AUTO_INCREMENT, AUTO_INCREMENT=14;

--
-- AUTO_INCREMENT de tabela `doador`
--
ALTER TABLE `doador`
  MODIFY `Cod_Doador` int(11) NOT NULL AUTO_INCREMENT, AUTO_INCREMENT=20;

--
-- AUTO_INCREMENT de tabela `editora`
--
ALTER TABLE `editora`
  MODIFY `Cod_Editora` int(11) NOT NULL AUTO_INCREMENT, AUTO_INCREMENT=22;

--
-- AUTO_INCREMENT de tabela `emprestimo`
--
ALTER TABLE `emprestimo`
  MODIFY `Cod_Emprestimo` int(11) NOT NULL AUTO_INCREMENT, AUTO_INCREMENT=577;

--
-- AUTO_INCREMENT de tabela `funcionario`
--
ALTER TABLE `funcionario`
  MODIFY `Cod_Funcionario` int(11) NOT NULL AUTO_INCREMENT, AUTO_INCREMENT=26;

--
-- AUTO_INCREMENT de tabela `genero`
--
ALTER TABLE `genero`
  MODIFY `Cod_Genero` int(11) NOT NULL AUTO_INCREMENT, AUTO_INCREMENT=14;

--
-- AUTO_INCREMENT de tabela `livro`
--
ALTER TABLE `livro`
  MODIFY `Cod_Livro` int(11) NOT NULL AUTO_INCREMENT, AUTO_INCREMENT=101;

--
-- AUTO_INCREMENT de tabela `logs_auditoria`
--
ALTER TABLE `logs_auditoria`
  MODIFY `id` int(11) NOT NULL AUTO_INCREMENT, AUTO_INCREMENT=1315;

--
-- AUTO_INCREMENT de tabela `multa`
--
ALTER TABLE `multa`
  MODIFY `Cod_Multa` int(11) NOT NULL AUTO_INCREMENT;

--
-- AUTO_INCREMENT de tabela `perfil_cliente`
--
ALTER TABLE `perfil_cliente`
  MODIFY `Cod_Perfil` int(11) NOT NULL AUTO_INCREMENT, AUTO_INCREMENT=3;

--
-- AUTO_INCREMENT de tabela `perfil_funcionario`
--
ALTER TABLE `perfil_funcionario`
  MODIFY `Cod_Perfil` int(11) NOT NULL AUTO_INCREMENT, AUTO_INCREMENT=6;

--
-- Restrições para tabelas despejadas
--

--
-- Restrições para tabelas `cliente`
--
ALTER TABLE `cliente`
  ADD CONSTRAINT `fk_Cod_Perfil` FOREIGN KEY (`Cod_Perfil`) REFERENCES `perfil_cliente` (`Cod_Perfil`);

--
-- Restrições para tabelas `emprestimo`
--
ALTER TABLE `emprestimo`
  ADD CONSTRAINT `FK_Cliente_Emprestimo` FOREIGN KEY (`Cod_Cliente`) REFERENCES `cliente` (`Cod_Cliente`),
  ADD CONSTRAINT `FK_Livro_Emprestimo` FOREIGN KEY (`Cod_Livro`) REFERENCES `livro` (`Cod_Livro`);

--
-- Restrições para tabelas `funcionario`
--
ALTER TABLE `funcionario`
  ADD CONSTRAINT `fk_Cod_Perfil_Func` FOREIGN KEY (`Cod_Perfil`) REFERENCES `perfil_funcionario` (`Cod_Perfil`);

--
-- Restrições para tabelas `livro`
--
ALTER TABLE `livro`
  ADD CONSTRAINT `fk_Cod_Autor` FOREIGN KEY (`Cod_Autor`) REFERENCES `autor` (`Cod_Autor`),
  ADD CONSTRAINT `fk_Cod_Doador` FOREIGN KEY (`Cod_Doador`) REFERENCES `doador` (`Cod_Doador`),
  ADD CONSTRAINT `fk_Cod_Editora` FOREIGN KEY (`Cod_Editora`) REFERENCES `editora` (`Cod_Editora`),
  ADD CONSTRAINT `fk_Cod_Genero` FOREIGN KEY (`Cod_Genero`) REFERENCES `genero` (`Cod_Genero`);

--
-- Restrições para tabelas `multa`
--
ALTER TABLE `multa`
  ADD CONSTRAINT `FK_Multa_Emprestimo` FOREIGN KEY (`Cod_Emprestimo`) REFERENCES `emprestimo` (`Cod_Emprestimo`);
COMMIT;

/*!40101 SET CHARACTER_SET_CLIENT=@OLD_CHARACTER_SET_CLIENT */;
/*!40101 SET CHARACTER_SET_RESULTS=@OLD_CHARACTER_SET_RESULTS */;
/*!40101 SET COLLATION_CONNECTION=@OLD_COLLATION_CONNECTION */;
